

------------------------------------------------------------------------------------------------------
------------------------------------------------------------------------------------------------------
--              SAMPLE DATA
------------------------------------------------------------------------------------------------------
------------------------------------------------------------------------------------------------------

DROP TABLE IF EXISTS public.edge_table;
DROP TABLE IF EXISTS public.edge_table_vertices_pgr;
DROP TABLE IF EXISTS public.vehicles_1;
DROP TABLE IF EXISTS public.orders_1;
DROP TABLE IF EXISTS public.edges_matrix;

--EDGE TABLE CREATE start
CREATE TABLE public.edge_table (
    id BIGSERIAL,
    source BIGINT,
    target BIGINT,
    cost FLOAT,
    reverse_cost FLOAT,
    x1 FLOAT,
    y1 FLOAT,
    x2 FLOAT,
    y2 FLOAT,
    geom geometry
);
--EDGE TABLE CREATE end
--EDGE TABLE ADD DATA start
INSERT INTO public.edge_table (
    cost, reverse_cost,
    x1, y1,
    x2, y2) VALUES
( 1,  1,    2,   0,    2,   1),
(-1,  1,    2,   1,    3,   1),
(-1,  1,    3,   1,    4,   1),
( 1,  1,    2,   1,    2,   2),
( 1, -1,    3,   1,    3,   2),
( 1,  1,    0,   2,    1,   2),
( 1,  1,    1,   2,    2,   2),
( 1,  1,    2,   2,    3,   2),
( 1,  1,    3,   2,    4,   2),
( 1,  1,    2,   2,    2,   3),
( 1, -1,    3,   2,    3,   3),
( 1, -1,    2,   3,    3,   3),
( 1, -1,    3,   3,    4,   3),
( 1,  1,    2,   3,    2,   4),
( 1,  1,    4,   2,    4,   3),
( 1,  1,    4,   1,    4,   2),
( 1,  1,    0.5, 3.5,  1.999999999999, 3.5),
( 1,  1,    3.5, 2.3,  3.5, 4);
--EDGE TABLE ADD DATA end

--EDGE TABLE update geometry start

UPDATE public.edge_table SET geom = st_makeline(st_point(x1,y1),st_point(x2,y2));

--EDGE TABLE update geometry end

--EDGE TABLE TOPOLOGY start
SELECT pgr_createTopology('public.edge_table',0.001, the_geom =>'geom');
--EDGE TABLE TOPOLOGY end


--VEHICLES TABLE start

CREATE TABLE public.vehicles_1 (
      id BIGSERIAL PRIMARY KEY,
      s_id BIGINT,
      s_x FLOAT,
      s_y FLOAT,
      s_open BIGINT,
      s_close BIGINT,
      capacity BIGINT
);

INSERT INTO public.vehicles_1
(s_id, s_x,  s_y,  s_open,  s_close,  capacity) VALUES
(  6,   3,    2,       0,       50,        50),
(  6,   3,    2,       0,       50,        50);

--VEHICLES TABLE end



--ORDERS TABLE start
CREATE TABLE public.orders_1 (
    id BIGSERIAL PRIMARY KEY,
    amount BIGINT,
    -- the pickups
    p_id BIGINT,
    p_x FLOAT,
    p_y FLOAT,
    p_open BIGINT,
    p_close BIGINT,
    p_service BIGINT,
    -- the deliveries
    d_id BIGINT,
    d_x FLOAT,
    d_y FLOAT,
    d_open BIGINT,
    d_close BIGINT,
    d_service BIGINT
);


INSERT INTO public.orders_1
(amount,
    p_id,  p_x, p_y,  p_open,  p_close,  p_service,
    d_id,  d_x, d_y,  d_open,  d_close,  d_service) VALUES
(10,
      3,    3,   1,      2,         10,          3,
      8,    1,   2,      6,         15,          3),
(20,
      9,    4,   2,      4,         15,          2,
      4,    4,   1,      6,         20,          3),
(30,
      5,    2,   2,      2,         10,          3,
     11,    3,   3,      3,         20,          3);


--ORDERS TABLE end

SELECT start_vid, end_vid, agg_cost::BIGINT
INTO edges_matrix
FROM pgr_dijkstraCostMatrix($$
  SELECT * FROM edge_table$$,
  (SELECT array_agg(id) FROM edge_table_vertices_pgr)
);

/*
Sample data for wc
*/

DROP SCHEMA IF EXISTS example2 CASCADE;

CREATE SCHEMA IF NOT EXISTS example2;
SET search_path TO 'example2', 'public';

CREATE OR REPLACE FUNCTION example2.geom_to_id(
    location geometry
)
RETURNS BIGINT AS
$BODY$
    SELECT CONCAT(ROUND(10000 * public.ST_Y(location)), ROUND(10000 * public.ST_X(location)))::BIGINT;
$BODY$
LANGUAGE SQL IMMUTABLE STRICT;

CREATE OR REPLACE FUNCTION example2.id_to_geom(
    id BIGINT
)
RETURNS geometry AS
$BODY$
    SELECT
        public.ST_SetSRID(
            public.ST_Point(
                (id - id/10000000*10000000)::FLOAT/10000::FLOAT,
                (id/10000000)::FLOAT/10000::FLOAT),
            4326);
$BODY$
LANGUAGE SQL IMMUTABLE STRICT;

CREATE TABLE IF NOT EXISTS example2.timeDependantMultipliers (
    hour INTERVAL PRIMARY KEY,
    multiplier FLOAT
);
INSERT INTO example2.timeDependantMultipliers(hour, multiplier) VALUES
('00:00:00'::INTERVAL, 1.1),
('07:00:00'::INTERVAL, 1.3),
('09:00:00'::INTERVAL, 1.3),
('11:00:00'::INTERVAL, 1.3),
('13:00:00'::INTERVAL, 1.2),
('16:00:00'::INTERVAL, 1.3),
('20:00:00'::INTERVAL, 1.2);

CREATE OR REPLACE FUNCTION example2.tdm(day TIMESTAMP, OUT start_time TIMESTAMP, OUT multiplier FLOAT)
RETURNS SETOF RECORD AS
$BODY$
  SELECT day + hour, multiplier
  FROM example2.timeDependantMultipliers;
$BODY$
LANGUAGE SQL VOLATILE STRICT;

CREATE OR REPLACE FUNCTION example2.tdm(day_from TIMESTAMP, day_to TIMESTAMP, OUT start_time TIMESTAMP, OUT multiplier FLOAT)
RETURNS SETOF RECORD AS
$BODY$
DECLARE
  day TIMESTAMP;
BEGIN
  FOR day IN SELECT * FROM generate_series(day_from, day_to, '1 day'::interval) LOOP
    RETURN QUERY
      SELECT * FROM example2.tdm(day);
  END LOOP;
END;
$BODY$
LANGUAGE plpgsql VOLATILE STRICT;

CREATE OR REPLACE FUNCTION example2.tdm_raw(day TIMESTAMP, OUT start_value BIGINT, OUT multiplier FLOAT)
RETURNS SETOF RECORD AS
$BODY$
  SELECT EXTRACT(EPOCH FROM (day + hour))::BIGINT AS start_val, multiplier
  FROM example2.timeDependantMultipliers;
$BODY$
LANGUAGE SQL VOLATILE STRICT;

CREATE OR REPLACE FUNCTION example2.tdm_raw(day_from TIMESTAMP, day_to TIMESTAMP, OUT start_value BIGINT, OUT multiplier FLOAT)
RETURNS SETOF RECORD AS
$BODY$
DECLARE
  day TIMESTAMP;
BEGIN
  FOR day IN SELECT * FROM generate_series(day_from, day_to, '1 day'::interval) LOOP
    RETURN QUERY
      SELECT * FROM example2.tdm_raw(day);
  END LOOP;
END;
$BODY$
LANGUAGE plpgsql VOLATILE STRICT;





-- DROP TABLE IF EXISTS example2.locations CASCADE;
CREATE TABLE IF NOT EXISTS example2.locations (
    id      BIGINT GENERATED ALWAYS AS (geom_to_id(location)) STORED PRIMARY KEY,
    location    geometry(Point,4326) NOT NULL,
    -- columns calculated with triggers or generated columns
    latitude    FLOAT GENERATED ALWAYS AS (ST_Y(location)) STORED,
    longitude   FLOAT GENERATED ALWAYS AS (ST_X(location)) STORED
    );

-- DROP TABLE IF EXISTS example2.depot CASCADE;
CREATE TABLE IF NOT EXISTS example2.depot (
    id          BIGINT GENERATED ALWAYS AS (geom_to_id(_location)) STORED PRIMARY KEY,
    _location   geometry(Point,4326) NOT NULL
    );

-- DROP TABLE IF EXISTS example2.timeMatrix CASCADE;
CREATE TABLE IF NOT EXISTS example2.timeMatrix(
    start_vid   BIGINT REFERENCES locations(id) NOT NULL,
    end_vid     BIGINT REFERENCES locations(id) NOT NULL,
    time_hours  FLOAT NOT NULL,
    travel_time INTERVAL GENERATED ALWAYS AS (make_interval(secs => time_hours * 3600)) STORED,
    agg_cost    INTEGER  GENERATED ALWAYS AS ((time_hours * 3600)::INTEGER) STORED,
    assigned    BOOL DEFAULT false NOT NULL,
    PRIMARY KEY (start_vid, end_vid)
    );

-- DROP TABLE IF EXISTS example2.physical_vehicles CASCADE;
CREATE TABLE IF NOT EXISTS example2.physical_vehicles (
    id              BIGINT PRIMARY KEY,
    capacity        INTEGER,
    depot_id        BIGINT REFERENCES example2.depot(id) NOT NULL
    );



-- DROP TABLE IF EXISTS example2.vehicles CASCADE;
CREATE TABLE IF NOT EXISTS example2.vehicles(
  id          BIGINT PRIMARY KEY,
  vehicle_id  BIGINT REFERENCES example2.physical_vehicles(id),
  capacity    BIGINT NOT NULL CHECK(capacity > 0),
  stops       BIGINT[],

  s_id        BIGINT NOT NULL REFERENCES example2.depot(id),
  s_tw_open   TIMESTAMP NOT NULL,
  s_tw_close  TIMESTAMP NOT NULL,
  s_t_service INTERVAL DEFAULT '00:00:00'::INTERVAL CHECK(s_t_service >= '00:00:00'::INTERVAL),

  e_id        BIGINT NOT NULL REFERENCES example2.depot(id),
  e_tw_open   TIMESTAMP GENERATED ALWAYS AS (s_tw_open) STORED,
  e_tw_close  TIMESTAMP GENERATED ALWAYS AS (s_tw_close) STORED,
  e_t_service INTERVAL DEFAULT '00:00:00'::INTERVAL CHECK(e_t_service >= '00:00:00'::INTERVAL),

  -----------------------
  -- Data needed with raw function
  -----------------------
  s_open      BIGINT GENERATED ALWAYS AS (EXTRACT(EPOCH FROM(s_tw_open))::BIGINT) STORED,
  s_close     BIGINT GENERATED ALWAYS AS (EXTRACT(EPOCH FROM(s_tw_close))::BIGINT) STORED,
  s_service   BIGINT GENERATED ALWAYS AS (EXTRACT(EPOCH FROM(s_t_service))::BIGINT) STORED,

  e_open      BIGINT GENERATED ALWAYS AS (EXTRACT(EPOCH FROM(s_tw_open))::BIGINT) STORED,
  e_close     BIGINT GENERATED ALWAYS AS (EXTRACT(EPOCH FROM(s_tw_close))::BIGINT) STORED,
  e_service   BIGINT GENERATED ALWAYS AS (EXTRACT(EPOCH FROM(e_t_service))::BIGINT) STORED,


  CHECK(s_tw_open < s_tw_close),
  CHECK(e_tw_open < e_tw_close),
  CHECK(s_tw_open <= s_tw_open)
);

-- DROP TABLE IF EXISTS example2.shipments CASCADE;
CREATE TABLE IF NOT EXISTS example2.shipments (
  id              BIGINT GENERATED BY DEFAULT AS IDENTITY PRIMARY KEY,
  amount          BIGINT NOT NULL CHECK(amount > 0),
  -- Pickup
  p_id            BIGINT NOT NULL REFERENCES locations(id),
  p_tw_open       TIMESTAMP NOT NULL,
  p_tw_close      TIMESTAMP GENERATED ALWAYS AS (p_tw_open + '00:20:00'::INTERVAL) STORED,
  p_t_service     INTERVAL DEFAULT '00:00:00'::INTERVAL CHECK(p_t_service >= '00:00:00'::INTERVAL),

  -- Delivery
  d_id            BIGINT NOT NULL REFERENCES locations(id),
  d_tw_open       TIMESTAMP NOT NULL,
  d_tw_close      TIMESTAMP NOT NULL,
  d_t_service     INTERVAL DEFAULT '00:00:00'::INTERVAL CHECK(d_t_service >= '00:00:00'::INTERVAL),

  -----------------------
  -- Data needed with raw function
  -----------------------
  -- Pickup
  p_open          BIGINT GENERATED ALWAYS AS (EXTRACT(EPOCH FROM(p_tw_open))::BIGINT) STORED,
  p_close         BIGINT GENERATED ALWAYS AS (EXTRACT(EPOCH FROM(p_tw_open + '00:20:00'::INTERVAL))::BIGINT) STORED,
  p_service       BIGINT GENERATED ALWAYS AS (EXTRACT(EPOCH FROM(p_t_service))::BIGINT) STORED,

  -- Delivery
  d_open          BIGINT NOT NULL,
  d_close         BIGINT NOT NULL,
  d_service       BIGINT GENERATED ALWAYS AS (EXTRACT(EPOCH FROM(d_t_service))::BIGINT) STORED,

  -- is this been used?
  multiplier     FLOAT NOT NULL,    -- updated with trigger

  -- TODO
  -- Booking date should be handled with skills
  -- vehicle: for each running date set a skill_id
  -- shipments: if the booking date = to the running date of the vehicle then get the skill_id of the vehicle
  booking_date    TIMESTAMP,
  CHECK (p_tw_open <= p_tw_close),
  CHECK (p_tw_open <= d_tw_open),
  CHECK (d_tw_open <= d_tw_close),
  CHECK (booking_date <= p_tw_open),
  CHECK (p_id != d_id)
  );



/*
                            TRIGGERS
*/



--------------------------------------------------------
-- TIME MATRIX triggers
--------------------------------------------------------

CREATE OR REPLACE FUNCTION example2.set_estimated()
RETURNS TRIGGER AS $trig$
DECLARE
rec RECORD;
BEGIN
    SELECT * FROM example2.timematrix t
    WHERE t.start_vid = NEW.end_vid AND t.end_vid = NEW.start_vid
    INTO rec;

    IF (rec.start_vid IS NULL) THEN
        -- the oposite direction calculation does not exist
        -- insert the oposite direction as estimation
        INSERT INTO example2.timematrix (start_vid, end_vid, time_hours, assigned)
        SELECT NEW.end_vid, NEW.start_vid, NEW.time_hours, false;
    ELSE
        IF (NEW.assigned = true AND rec.assigned = false) THEN
            UPDATE example2.timematrix AS t
            SET time_hours = NEW.time_hours
            WHERE t.start_vid = NEW.end_vid AND t.end_vid = NEW.start_vid;
        END IF;
    END IF;

    RETURN NEW;
END;
$trig$ LANGUAGE plpgsql;


CREATE TRIGGER tgr_timeMatrix_03
AFTER INSERT OR UPDATE ON example2.timeMatrix
FOR EACH ROW EXECUTE PROCEDURE example2.set_estimated();





--------------------------------------------------------
-- general LOCATIONS triggers
--------------------------------------------------------

CREATE OR REPLACE FUNCTION example2.create_location()
RETURNS trigger AS $trig$
DECLARE
    cat_id INTEGER;
BEGIN
    INSERT INTO example2.locations (location)
    VALUES (NEW._place_location)
    ON CONFLICT DO NOTHING;

    RETURN NEW;
END;
$trig$ LANGUAGE plpgsql;

--------------------------------------------------------
-- DEPOT triggers
--------------------------------------------------------

CREATE OR REPLACE FUNCTION example2.set_depot_locations()
RETURNS trigger AS $trig$
BEGIN
    NEW._location := id_to_geom(NEW.id);
    INSERT INTO example2.locations (location)
    SELECT id_to_geom(NEW.id)
    ON CONFLICT DO NOTHING;

    RETURN NEW;
END;
$trig$ LANGUAGE plpgsql;


CREATE TRIGGER tgr_depot_03
AFTER INSERT OR UPDATE ON example2.depot
FOR EACH ROW EXECUTE PROCEDURE example2.set_depot_locations();





--------------------------------------------------------
-- LOCATIONS triggers
--------------------------------------------------------


CREATE OR REPLACE FUNCTION example2.check_locations()
RETURNS trigger AS $trig$
    BEGIN
        assert(NEW.id IS NOT NULL);

        -- its a new location, adding data to the timematrix table
        -- as estimated
        INSERT INTO example2.timeMatrix(start_vid, end_vid, time_hours, assigned)
        SELECT NEW.id, l.id,
            (ST_distance(NEW.location::geography, l.location::geography)/1000)/30.0::float, false
        FROM locations AS l
        ON CONFLICT DO NOTHING;

        -- its a new location, adding data to the timematrix table
        -- as assigned
        INSERT INTO example2.timeMatrix(start_vid, end_vid, time_hours, assigned)
        SELECT NEW.id, NEW.id, 0, true
        ON CONFLICT DO NOTHING;

        RETURN NEW;
    END;
$trig$ LANGUAGE plpgsql;

CREATE TRIGGER tgr_locations_03
AFTER INSERT ON example2.locations
FOR EACH ROW EXECUTE PROCEDURE example2.check_locations();


--------------------------------------------------------
-- VEHICLE's INSTANCES triggers
--------------------------------------------------------

CREATE OR REPLACE FUNCTION example2.getdata()
RETURNS TRIGGER AS $trig$
DECLARE
    rec RECORD;
BEGIN
    SELECT capacity, depot_id
    FROM example2.physical_vehicles
    WHERE NEW.vehicle_id = id INTO rec;

    NEW.capacity := rec.capacity;
    NEW.s_id := rec.depot_id;
    NEW.e_id := rec.depot_id;
    RETURN NEW;
END;
$trig$ LANGUAGE plpgsql;


CREATE TRIGGER tgr_vehicles_03
BEFORE INSERT ON example2.vehicles
FOR EACH ROW EXECUTE PROCEDURE example2.getData();


--------------------------------------------------------
-- ORDERS triggers
--------------------------------------------------------

CREATE OR REPLACE FUNCTION example2.check_order()
RETURNS TRIGGER AS $trig$
DECLARE
    rec RECORD;
    __id BIGINT;
    travel_time FLOAT;
BEGIN
    INSERT INTO example2.locations (location)
    SELECT id_to_geom(NEW.p_id)
    ON CONFLICT DO NOTHING;

    INSERT INTO example2.locations (location)
    SELECT id_to_geom(NEW.d_id)
    ON CONFLICT DO NOTHING;

    SELECT id FROM example2.locations
    WHERE id = NEW.p_id INTO __id;

    SELECT time_hours
    FROM example2.timeMatrix
    WHERE start_vid = NEW.p_id AND end_vid = NEW.d_id INTO travel_time;

    WITH
    a AS (
        SELECT max(hour) FROM timeDependantMultipliers WHERE hour <= NEW.p_tw_open::TIME
    )
    SELECT multiplier FROM timeDependantMultipliers, a WHERE hour = max INTO NEW.multiplier;

    IF (NEW.multiplier IS NULL) THEN
        RAISE WARNING '%', NEW.p_tw_open::TIME;
        NEW.multiplier := 1::FLOAT;
    END IF;

    assert(NEW.multiplier IS NOT NULL);

    NEW.d_tw_open  := NEW.p_tw_open + (travel_time || ' hours'::text)::interval;
    NEW.d_tw_close := NEW.p_tw_open + '00:20:00'::INTERVAL  + ((1.82 * travel_time) || ' hours'::text)::interval;

    NEW.d_open  := EXTRACT(EPOCH FROM(NEW.d_tw_open))::BIGINT;
    NEW.d_close := EXTRACT(EPOCH FROM(NEW.d_tw_close))::BIGINT;

    RETURN NEW;
END;
$trig$ LANGUAGE plpgsql;

CREATE TRIGGER tgr_shipments_03
BEFORE INSERT ON example2.shipments
FOR EACH ROW EXECUTE PROCEDURE example2.check_order();

/*
                        ADDING DATA
- physical vehicles
- vehicles
  - automatically add locations and updates timematrix with speed 30 of missing depots
- shipments
  - automatically add locations and updates timematrix with speed 30 of missing pick and drop locations
*/

--
-- Data for Name: example2.depot
--

COPY example2.depot (_location) FROM stdin;
0101000020E6100000CADAA678DC8861409FB12FD978184240
0101000020E6100000E8FA3E1C248661406839D0436D1F4240
\.




--
-- Data for Name: example2.physical_vehicles
--

COPY example2.physical_vehicles (id, capacity, depot_id) FROM stdin;
1	8	3619121402769
2	8	3619121402769
3	8	3619121402769
4	8	3619121402769
5	8	3619121402769
6	12	3624551401919
7	12	3624551401919
8	12	3624551401919
9	12	3624551401919
\.




--
-- Data for Name: example2.vehicles
--

COPY example2.vehicles (id, vehicle_id, s_tw_open, s_tw_close, stops) FROM stdin;
571	1	2019-12-09 08:00:00	2019-12-09 09:25:00	{227,227,491,491}
572	1	2019-12-09 09:40:00	2019-12-09 12:00:00	{230,230,232,232,527,527,110,110}
573	1	2019-12-09 13:00:00	2019-12-09 15:05:00	{255,756,255,756,1901,1901,1371,1371}
574	1	2019-12-09 15:20:00	2019-12-09 18:30:00	{370,99,233,233,370,99,1028,200,1028,200}
575	2	2019-12-09 08:00:00	2019-12-09 10:15:00	{307,306,307,306,112,112,261,261,705,705}
576	2	2019-12-09 10:30:00	2019-12-09 13:00:00	{253,253,241,241}
577	2	2019-12-09 14:00:00	2019-12-09 15:15:00	{260,260,1617,1617}
578	2	2019-12-09 15:30:00	2019-12-09 16:30:00	{493,493}
579	3	2019-12-09 08:00:00	2019-12-09 09:35:00	{98,98,185,185,874,874}
580	3	2019-12-09 09:50:00	2019-12-09 12:00:00	\N
581	3	2019-12-09 13:00:00	2019-12-09 15:25:00	{248,243,248,243,190,190,1637,1360,1637,1360}
582	3	2019-12-09 15:40:00	2019-12-09 18:30:00	\N
583	4	2019-12-09 08:00:00	2019-12-09 10:35:00	{305,304,305,304,199,199,171,696,262,262,696,171}
584	4	2019-12-09 10:50:00	2019-12-09 13:00:00	\N
585	4	2019-12-09 14:00:00	2019-12-09 15:55:00	{1234,113,113,1234}
586	4	2019-12-09 16:10:00	2019-12-09 17:30:00	\N
587	5	2019-12-09 08:00:00	2019-12-09 11:00:00	{240,369,369,240,231,231}
588	5	2019-12-09 12:00:00	2019-12-09 13:35:00	\N
589	5	2019-12-09 13:50:00	2019-12-09 15:35:00	{1232,1232,277,277}
590	5	2019-12-09 15:50:00	2019-12-09 18:30:00	{2521,2521}
591	6	2019-12-09 08:00:00	2019-12-09 09:25:00	{186,186,695,695}
592	6	2019-12-09 09:40:00	2019-12-09 12:00:00	\N
593	6	2019-12-09 13:00:00	2019-12-09 15:05:00	{1737,1737}
594	6	2019-12-09 15:20:00	2019-12-09 18:30:00	\N
595	7	2019-12-09 08:00:00	2019-12-09 10:15:00	{109,109,244,244,236,236}
596	7	2019-12-09 10:30:00	2019-12-09 13:00:00	{249,249}
597	7	2019-12-09 14:00:00	2019-12-09 15:45:00	{1868,187,187,1868}
598	7	2019-12-09 16:00:00	2019-12-09 17:30:00	{2467,309,308,309,308,2467}
599	8	2019-12-09 08:00:00	2019-12-09 09:35:00	{310,312,310,312,196,196}
600	8	2019-12-09 09:50:00	2019-12-09 12:00:00	\N
601	8	2019-12-09 13:00:00	2019-12-09 15:25:00	{1870,1870,492,492}
602	8	2019-12-09 15:40:00	2019-12-09 18:30:00	\N
603	9	2019-12-09 08:00:00	2019-12-09 10:35:00	\N
604	9	2019-12-09 10:50:00	2019-12-09 13:00:00	\N
605	9	2019-12-09 14:00:00	2019-12-09 15:55:00	{445,445}
606	9	2019-12-09 16:10:00	2019-12-09 17:30:00	\N
607	1	2019-12-10 08:00:00	2019-12-10 09:25:00	{95,95,3192,141,141,3192}
608	1	2019-12-10 09:40:00	2019-12-10 12:00:00	{426,421,169,426,421,169,938,938,128,128}
609	1	2019-12-10 13:00:00	2019-12-10 15:05:00	{1577,2539,1577,2539,2700,2700,899,899,2833,2833}
610	1	2019-12-10 15:20:00	2019-12-10 18:30:00	{83,83,3098,3098,97,201,97,201}
611	2	2019-12-10 08:00:00	2019-12-10 10:15:00	{321,321,138,104,104,138,3105,3105,133,133}
612	2	2019-12-10 10:30:00	2019-12-10 13:00:00	{170,170,792,792}
613	2	2019-12-10 14:00:00	2019-12-10 15:15:00	{3155,3155}
614	2	2019-12-10 15:30:00	2019-12-10 16:30:00	{131,131,3088,3088}
615	3	2019-12-10 08:00:00	2019-12-10 09:35:00	{102,3158,3158,102,791,380,791,380}
616	3	2019-12-10 09:50:00	2019-12-10 12:00:00	{494,494,134,139,134,139}
617	3	2019-12-10 13:00:00	2019-12-10 15:25:00	{135,2892,135,3153,3153,2892,1407,1407,538,538}
618	3	2019-12-10 15:40:00	2019-12-10 18:30:00	{3736,3736}
619	4	2019-12-10 08:00:00	2019-12-10 10:35:00	{936,936,136,127,127,909,909,2536,136,2536,202,142,142,202}
620	4	2019-12-10 10:50:00	2019-12-10 13:00:00	{537,3554,3553,537,3553,3554,911,911}
621	4	2019-12-10 14:00:00	2019-12-10 15:55:00	{182,182,945,945}
622	4	2019-12-10 16:10:00	2019-12-10 17:30:00	{114,114,425,425}
623	5	2019-12-10 08:00:00	2019-12-10 11:00:00	{318,318,770,770,111,2774,2774,111,130,130}
624	5	2019-12-10 12:00:00	2019-12-10 13:35:00	{935,935}
625	5	2019-12-10 13:50:00	2019-12-10 15:35:00	{103,129,129,103,3156,833,3156,833}
626	5	2019-12-10 15:50:00	2019-12-10 18:30:00	{446,446,2889,2721,2889,2721}
627	6	2019-12-10 08:00:00	2019-12-10 09:25:00	{3201,3201,2865,2865}
628	6	2019-12-10 09:40:00	2019-12-10 12:00:00	{937,937}
629	6	2019-12-10 13:00:00	2019-12-10 15:05:00	{2804,2804,2731,2731}
630	6	2019-12-10 15:20:00	2019-12-10 18:30:00	{614,2785,2777,322,3713,2777,614,3713,322,2785,3157,2968,3157,2968}
631	7	2019-12-10 08:00:00	2019-12-10 10:15:00	{2773,2773,320,320,2577,422,2577,422,179,179}
632	7	2019-12-10 10:30:00	2019-12-10 13:00:00	\N
633	7	2019-12-10 14:00:00	2019-12-10 15:45:00	{2894,2894}
634	7	2019-12-10 16:00:00	2019-12-10 17:30:00	{325,325}
635	8	2019-12-10 08:00:00	2019-12-10 09:35:00	{324,326,324,326,2729,2729}
636	8	2019-12-10 09:50:00	2019-12-10 12:00:00	{597,597}
637	8	2019-12-10 13:00:00	2019-12-10 15:25:00	{1645,2902,1645,2902,2982,2982,900,900}
638	8	2019-12-10 15:40:00	2019-12-10 18:30:00	{3190,3190,3206,3206}
639	9	2019-12-10 08:00:00	2019-12-10 10:35:00	{3086,3086,2508,2654,2654,2508}
640	9	2019-12-10 10:50:00	2019-12-10 13:00:00	{180,180,2981,2981}
641	9	2019-12-10 14:00:00	2019-12-10 15:55:00	{558,558}
642	9	2019-12-10 16:10:00	2019-12-10 17:30:00	{2514,2514}
643	1	2019-12-11 08:00:00	2019-12-11 09:25:00	{470,470}
644	1	2019-12-11 09:40:00	2019-12-11 12:00:00	{355,355,2746,2746,361,361,958,958}
645	1	2019-12-11 13:00:00	2019-12-11 15:05:00	{441,477,441,477,686,686,482,482}
646	1	2019-12-11 15:20:00	2019-12-11 18:30:00	{4111,4111,688,447,447,688,438,354,354,438}
647	2	2019-12-11 08:00:00	2019-12-11 10:15:00	{912,3180,912,3180,2813,2813,360,360}
648	2	2019-12-11 10:30:00	2019-12-11 13:00:00	{3034,2744,703,703,3034,2744,449,449,462,462}
649	2	2019-12-11 14:00:00	2019-12-11 15:15:00	\N
650	2	2019-12-11 15:30:00	2019-12-11 16:30:00	{439,439}
651	3	2019-12-11 08:00:00	2019-12-11 09:35:00	\N
652	3	2019-12-11 09:50:00	2019-12-11 12:00:00	{506,3133,3133,506}
653	3	2019-12-11 13:00:00	2019-12-11 15:25:00	{2528,2812,2528,2812,415,415,1368,1368}
654	3	2019-12-11 15:40:00	2019-12-11 18:30:00	{4133,4133,465,465,619,619}
655	4	2019-12-11 08:00:00	2019-12-11 10:35:00	\N
656	4	2019-12-11 10:50:00	2019-12-11 13:00:00	{442,444,444,442,424,424}
657	4	2019-12-11 14:00:00	2019-12-11 15:55:00	\N
658	4	2019-12-11 16:10:00	2019-12-11 17:30:00	{368,368}
659	5	2019-12-11 08:00:00	2019-12-11 11:00:00	{469,469,3191,390,3191,390,557,457,443,443,457,557}
660	5	2019-12-11 12:00:00	2019-12-11 13:35:00	{568,568,429,429}
661	5	2019-12-11 13:50:00	2019-12-11 15:35:00	{1618,1618,508,508}
662	5	2019-12-11 15:50:00	2019-12-11 18:30:00	{4141,4141}
663	6	2019-12-11 08:00:00	2019-12-11 09:25:00	\N
664	6	2019-12-11 09:40:00	2019-12-11 12:00:00	\N
665	6	2019-12-11 13:00:00	2019-12-11 15:05:00	{435,3140,3140,435}
666	6	2019-12-11 15:20:00	2019-12-11 18:30:00	{339,331,329,329,331,339}
667	7	2019-12-11 08:00:00	2019-12-11 10:15:00	{338,338,697,697,612,612,3027,3027}
668	7	2019-12-11 10:30:00	2019-12-11 13:00:00	{2659,2659,862,862,589,914,387,914,589,387}
669	7	2019-12-11 14:00:00	2019-12-11 15:45:00	{2947,2947}
670	7	2019-12-11 16:00:00	2019-12-11 17:30:00	{336,336}
671	8	2019-12-11 08:00:00	2019-12-11 09:35:00	{2656,2739,2739,2656}
672	8	2019-12-11 09:50:00	2019-12-11 12:00:00	{2543,2543}
673	8	2019-12-11 13:00:00	2019-12-11 15:25:00	{2563,2563,2942,2942,377,377,431,431}
674	8	2019-12-11 15:40:00	2019-12-11 18:30:00	{611,611}
675	9	2019-12-11 08:00:00	2019-12-11 10:35:00	{386,998,998,386,2527,2527}
676	9	2019-12-11 10:50:00	2019-12-11 13:00:00	\N
677	9	2019-12-11 14:00:00	2019-12-11 15:55:00	\N
678	9	2019-12-11 16:10:00	2019-12-11 17:30:00	\N
679	1	2019-12-12 08:00:00	2019-12-12 09:25:00	{779,730,779,730}
680	1	2019-12-12 09:40:00	2019-12-12 12:00:00	\N
681	1	2019-12-12 13:00:00	2019-12-12 15:05:00	{803,803,2836,2836}
682	1	2019-12-12 15:20:00	2019-12-12 18:30:00	{640,640}
683	2	2019-12-12 08:00:00	2019-12-12 10:15:00	{2834,2834,718,3518,2736,2736,3518,718}
684	2	2019-12-12 10:30:00	2019-12-12 13:00:00	{3754,2747,3754,3487,2747,3487,2738,679,2738,679,898,898}
685	2	2019-12-12 14:00:00	2019-12-12 15:15:00	\N
686	2	2019-12-12 15:30:00	2019-12-12 16:30:00	{1797,1797,674,674}
687	3	2019-12-12 08:00:00	2019-12-12 09:35:00	{772,772,722,722}
688	3	2019-12-12 09:50:00	2019-12-12 12:00:00	{3697,3697}
689	3	2019-12-12 13:00:00	2019-12-12 15:25:00	{1636,1636,1990,1990}
690	3	2019-12-12 15:40:00	2019-12-12 18:30:00	{1255,638,1255,638,2189,973,2189,973}
691	4	2019-12-12 08:00:00	2019-12-12 10:35:00	{690,690,2983,2983,678,3209,678,3209,787,787,3969,3969}
692	4	2019-12-12 10:50:00	2019-12-12 13:00:00	{3826,3826,3847,3847,1026,1026}
693	4	2019-12-12 14:00:00	2019-12-12 15:55:00	{984,985,984,985,689,689}
694	4	2019-12-12 16:10:00	2019-12-12 17:30:00	\N
695	5	2019-12-12 08:00:00	2019-12-12 11:00:00	{772,772,3531,3531,872,872,1009,1009,873,873,3645,3645,3846,3846,844,844}
696	5	2019-12-12 12:00:00	2019-12-12 13:35:00	{721,721,894,894}
697	5	2019-12-12 13:50:00	2019-12-12 15:35:00	\N
698	5	2019-12-12 15:50:00	2019-12-12 18:30:00	{723,723}
699	6	2019-12-12 08:00:00	2019-12-12 09:25:00	{637,636,637,636,675,675}
700	6	2019-12-12 09:40:00	2019-12-12 12:00:00	{2893,2893,3844,3844}
701	6	2019-12-12 13:00:00	2019-12-12 15:05:00	\N
702	6	2019-12-12 15:20:00	2019-12-12 18:30:00	{2047,2047,706,706,2224,2224,692,685,685,692}
703	7	2019-12-12 08:00:00	2019-12-12 10:15:00	{772,772,986,3099,3513,3099,3513,986,785,905,785,905}
704	7	2019-12-12 10:30:00	2019-12-12 13:00:00	{734,3650,3650,734,906,906}
705	7	2019-12-12 14:00:00	2019-12-12 15:45:00	\N
706	7	2019-12-12 16:00:00	2019-12-12 17:30:00	{642,634,632,632,642,634}
707	8	2019-12-12 08:00:00	2019-12-12 09:35:00	{733,733}
708	8	2019-12-12 09:50:00	2019-12-12 12:00:00	{693,693,3331,3331,3698,3698,2898,2898}
709	8	2019-12-12 13:00:00	2019-12-12 15:25:00	{977,977,3978,3978,3951,1985,691,1985,3951,691,677,677}
710	8	2019-12-12 15:40:00	2019-12-12 18:30:00	{769,769,2120,2120,992,694,992,694}
711	9	2019-12-12 08:00:00	2019-12-12 10:35:00	{639,641,639,641,684,684}
712	9	2019-12-12 10:50:00	2019-12-12 13:00:00	{786,786,972,972}
713	9	2019-12-12 14:00:00	2019-12-12 15:55:00	{1662,1373,978,978,1373,1662}
714	9	2019-12-12 16:10:00	2019-12-12 17:30:00	\N
715	1	2019-12-13 08:00:00	2019-12-13 09:25:00	{1687,1687,1067,1067}
716	1	2019-12-13 09:40:00	2019-12-13 12:00:00	{2049,2049,1064,2119,1064,2119,1471,1471}
717	1	2019-12-13 13:00:00	2019-12-13 15:05:00	{1726,1726,1490,1490,2104,2104}
718	1	2019-12-13 15:20:00	2019-12-13 18:30:00	{1126,1126,1729,1729,1054,1054}
719	2	2019-12-13 08:00:00	2019-12-13 10:15:00	{1468,1468,1243,1237,1237,1800,1243,1800,1063,1063,1238,1238}
720	2	2019-12-13 10:30:00	2019-12-13 13:00:00	{1688,1688,1222,2680,1222,3273,2680,3273,4192,4192}
721	2	2019-12-13 14:00:00	2019-12-13 15:15:00	{2167,2167}
722	2	2019-12-13 15:30:00	2019-12-13 16:30:00	{1259,1052,1052,1259}
723	3	2019-12-13 08:00:00	2019-12-13 09:35:00	{1051,1050,1051,1050,1059,1486,1111,1156,1156,1111,1486,1059}
724	3	2019-12-13 09:50:00	2019-12-13 12:00:00	{1952,1952,1123,1123,1112,1163,1163,1112}
725	3	2019-12-13 13:00:00	2019-12-13 15:25:00	{1445,1916,1445,1916,1730,1730,1619,1619}
726	3	2019-12-13 15:40:00	2019-12-13 18:30:00	{1375,1069,1069,1375,2121,2121,2183,2183}
727	4	2019-12-13 08:00:00	2019-12-13 10:35:00	{1327,1327}
728	4	2019-12-13 10:50:00	2019-12-13 13:00:00	{1356,1356,1685,2759,1685,2759,1077,3955,3955,1077}
729	4	2019-12-13 14:00:00	2019-12-13 15:55:00	{1668,2225,1668,2225}
730	4	2019-12-13 16:10:00	2019-12-13 17:30:00	{2115,2115}
731	5	2019-12-13 08:00:00	2019-12-13 11:00:00	{1316,1316,1837,1837,1806,1806}
732	5	2019-12-13 12:00:00	2019-12-13 13:35:00	{1240,1109,1609,1240,1109,1609,3779,3779,1061,1807,1061,1807}
733	5	2019-12-13 13:50:00	2019-12-13 15:35:00	{1492,1492,1331,1585,1331,1585}
734	5	2019-12-13 15:50:00	2019-12-13 18:30:00	{1922,1922,1319,1319}
735	6	2019-12-13 08:00:00	2019-12-13 09:25:00	{1804,1804,1108,1108}
736	6	2019-12-13 09:40:00	2019-12-13 12:00:00	\N
737	6	2019-12-13 13:00:00	2019-12-13 15:05:00	{1329,1329,1584,1584}
738	6	2019-12-13 15:20:00	2019-12-13 18:30:00	{1107,1358,2170,1107,1358,2170,1344,1344}
739	7	2019-12-13 08:00:00	2019-12-13 10:15:00	{1053,1055,1053,1055,1451,1451}
740	7	2019-12-13 10:30:00	2019-12-13 13:00:00	{1263,1263,2223,2223,1446,1587,1446,1587,1100,1100}
741	7	2019-12-13 14:00:00	2019-12-13 15:45:00	{1062,1447,1447,1062}
742	7	2019-12-13 16:00:00	2019-12-13 17:30:00	{1046,1048,1046,1048,1242,1242}
743	8	2019-12-13 08:00:00	2019-12-13 09:35:00	{1049,1049,1483,1221,1483,1221}
744	8	2019-12-13 09:50:00	2019-12-13 12:00:00	{2118,2118,1608,1608,1444,1239,1484,1239,1484,1839,1444,1839}
745	8	2019-12-13 13:00:00	2019-12-13 15:25:00	{3685,3685,1493,1493,1066,1066,1104,1104}
746	8	2019-12-13 15:40:00	2019-12-13 18:30:00	{2051,1056,1056,2051,1068,1068}
747	9	2019-12-13 08:00:00	2019-12-13 10:35:00	{1076,1558,1542,1558,1542,1076,1122,1264,1264,1684,1122,1684,1674,1674,1586,1443,1586,1443}
748	9	2019-12-13 10:50:00	2019-12-13 13:00:00	{3688,3688,3745,3745}
749	9	2019-12-13 14:00:00	2019-12-13 15:55:00	{1732,1060,1732,1960,1960,1060}
750	9	2019-12-13 16:10:00	2019-12-13 17:30:00	\N
\.


--
-- Data for Name: example2.shipments
--

COPY example2.shipments (p_tw_open, p_id, d_id, amount, booking_date) FROM stdin;
2019-12-10 16:15:00	3617891402976	3619231402700	1	2019-12-02 21:35:35.167948
2019-12-10 10:50:00	3618601402888	3622401402493	1	2019-12-02 21:54:29.685659
2019-12-09 09:45:00	3618601402888	3622401402493	1	2019-12-02 21:55:14.935753
2019-12-10 08:30:00	3626351402653	3624961402867	1	2019-12-02 22:32:32.576402
2019-12-10 14:00:00	3624961402867	3626351402653	1	2019-12-02 22:33:18.57344
2019-12-10 17:00:00	3622331402503	3626191401810	1	2019-12-02 22:35:49.64089
2019-12-09 08:30:00	3624961402867	3620331402580	1	2019-12-02 22:50:34.758507
2019-12-09 16:00:00	3619961402544	3624961402867	1	2019-12-02 22:53:32.909298
2019-12-10 08:30:00	3624961402867	3620331402580	1	2019-12-02 22:54:47.716422
2019-12-10 16:00:00	3619961402544	3624961402867	1	2019-12-02 22:56:30.008162
2019-12-10 08:30:00	3620391402651	3620351402932	1	2019-12-02 23:00:53.557652
2019-12-10 14:00:00	3620351402932	3620391402651	1	2019-12-02 23:01:29.64811
2019-12-10 09:00:00	3619011402861	3619421403073	1	2019-12-02 23:19:38.848529
2019-12-09 10:00:00	3622591402453	3624261401920	1	2019-12-02 23:46:05.211077
2019-12-09 12:00:00	3624181401951	3622591402453	1	2019-12-02 23:50:57.414088
2019-12-09 08:30:00	3619661402935	3619331402749	1	2019-12-03 00:05:03.275436
2019-12-09 11:00:00	3619381402771	3619661402935	1	2019-12-03 00:05:51.822739
2019-12-10 09:00:00	3619401402840	3626471402209	1	2019-12-03 00:07:04.645781
2019-12-09 09:00:00	3629411402032	3627141402002	1	2019-12-03 00:27:38.754702
2019-12-09 15:00:00	3627141402002	3629411402032	1	2019-12-03 00:28:20.254831
2019-12-10 16:45:00	3619081402798	3620781402792	1	2019-12-03 00:34:17.243076
2019-12-10 17:00:00	3620391402512	3627361401996	1	2019-12-03 00:42:09.541574
2019-12-10 09:00:00	3619791402657	3622401402493	1	2019-12-03 00:43:52.554733
2019-12-10 09:00:00	3623051402628	3620351402932	1	2019-12-03 00:52:50.013949
2019-12-10 11:00:00	3620351402932	3623051402628	1	2019-12-03 00:53:28.589643
2019-12-10 14:00:00	3620121403012	3620351402932	1	2019-12-03 00:56:45.783995
2019-12-10 10:00:00	3618861401700	3617781403295	1	2019-12-03 00:57:16.623837
2019-12-10 16:00:00	3620351402932	3620121403012	1	2019-12-03 00:57:21.546686
2019-12-10 14:00:00	3617781403295	3618861401700	1	2019-12-03 00:57:53.101058
2019-12-10 10:00:00	3620691402610	3622251402693	1	2019-12-03 01:07:42.676007
2019-12-10 11:00:00	3622251402693	3618811402924	1	2019-12-03 01:08:14.958468
2019-12-10 13:00:00	3618811402924	3622251402693	1	2019-12-03 01:08:48.145442
2019-12-10 09:00:00	3621171402393	3617781403295	1	2019-12-03 01:14:08.980339
2019-12-10 12:00:00	3617781403295	3621171402393	1	2019-12-03 01:14:43.574684
2019-12-10 09:00:00	3617761402869	3620351402932	1	2019-12-03 01:26:03.823865
2019-12-10 11:00:00	3620351402932	3617761402869	1	2019-12-03 01:26:32.966051
2019-12-10 09:00:00	3619641402922	3620631402895	1	2019-12-03 01:35:51.306341
2019-12-10 10:00:00	3620631402895	3619641402922	1	2019-12-03 01:36:45.294537
2019-12-10 10:00:00	3616201403050	3618151403079	1	2019-12-03 02:28:36.003739
2019-12-10 11:00:00	3618151403079	3616201403050	1	2019-12-03 02:29:07.786524
2019-12-09 10:00:00	3630691402018	3620891402856	1	2019-12-03 02:38:41.587666
2019-12-09 11:00:00	3620891402856	3630691402018	1	2019-12-03 02:39:18.915223
2019-12-10 10:00:00	3630691402018	3620891402856	1	2019-12-03 02:39:52.34565
2019-12-10 11:00:00	3620891402856	3630691402018	1	2019-12-03 02:40:16.59452
2019-12-10 10:00:00	3622181401532	3622591401469	1	2019-12-03 03:40:14.345991
2019-12-10 12:00:00	3622591401469	3622181401532	1	2019-12-03 03:40:44.92441
2019-12-10 15:00:00	3622401402493	3623681402125	1	2019-12-03 03:50:56.277483
2019-12-09 08:30:00	3618791402764	3618791402920	1	2019-12-03 04:24:16.580453
2019-12-09 08:30:00	3622691401497	3624211401935	1	2019-12-03 04:42:40.106159
2019-12-09 15:00:00	3623091402112	3622691401497	1	2019-12-03 04:43:53.948268
2019-12-10 08:30:00	3624091401711	3621241401725	1	2019-12-03 04:49:27.697323
2019-12-10 11:30:00	3621241401725	3624091401711	1	2019-12-03 04:50:23.392037
2019-12-09 13:40:00	3617941403031	3620151402927	1	2019-12-03 05:09:00.873646
2019-12-10 12:50:00	3618661402854	3622401402493	1	2019-12-03 05:15:14.480324
2019-12-10 16:00:00	3622401402493	3618661402854	1	2019-12-03 05:16:52.795945
2019-12-10 09:00:00	3623591401470	3624961402867	1	2019-12-03 05:31:06.386663
2019-12-09 09:00:00	3622121402684	3619381402771	1	2019-12-03 05:38:44.708175
2019-12-09 12:00:00	3618891402722	3622121402684	1	2019-12-03 05:39:59.114263
2019-12-09 09:00:00	3623591401470	3624961402867	1	2019-12-03 05:51:55.819885
2019-12-09 17:00:00	3624961402867	3623591401470	1	2019-12-03 05:53:08.593694
2019-12-10 17:15:00	3623941401770	3619231402700	1	2019-12-03 05:59:55.310532
2019-12-10 10:00:00	3618641402722	3620351402932	2	2019-12-03 06:09:30.816953
2019-12-10 13:00:00	3620351402932	3618641402722	2	2019-12-03 06:10:49.839642
2019-12-10 11:30:00	3622391402236	3622401402493	1	2019-12-03 06:17:58.220975
2019-12-10 17:00:00	3624961402867	3623591401470	1	2019-12-03 06:29:18.856323
2019-12-09 09:00:00	3625231402520	3620811402899	1	2019-12-03 06:57:51.222506
2019-12-09 14:50:00	3619941402661	3618571402680	1	2019-12-03 06:58:33.258527
2019-12-09 17:30:00	3620811402899	3625231402520	1	2019-12-03 06:58:54.508694
2019-12-09 09:00:00	3616841403074	3618691402987	1	2019-12-03 07:01:59.744978
2019-12-09 12:00:00	3618691402987	3616841403074	1	2019-12-03 07:02:56.685288
2019-12-09 16:00:00	3619041402686	3619071402687	1	2019-12-03 07:05:54.423487
2019-12-09 10:00:00	3619921403137	3620351402932	2	2019-12-03 07:07:29.685323
2019-12-09 10:00:00	3613481403169	3618791402920	1	2019-12-03 07:09:09.730552
2019-12-09 10:00:00	3618941402729	3622501402473	1	2019-12-03 07:10:14.032084
2019-12-09 16:00:00	3622501402473	3618941402729	1	2019-12-03 07:10:47.326467
2019-12-09 10:00:00	3618821403051	3617781403295	2	2019-12-03 07:15:14.80582
2019-12-09 12:00:00	3617781403295	3618821403051	2	2019-12-03 07:16:18.38475
2019-12-09 10:00:00	3631021401824	3624661401957	1	2019-12-03 07:17:17.265853
2019-12-09 11:00:00	3624661401957	3631021401824	1	2019-12-03 07:17:56.379968
2019-12-09 09:00:00	3623591401470	3624961402867	1	2019-12-03 07:19:34.072796
2019-12-09 09:00:00	3617721402889	3627081402649	1	2019-12-03 07:26:55.013978
2019-12-09 12:00:00	3627081402649	3617721402889	1	2019-12-03 07:28:46.145308
2019-12-09 09:00:00	3623641402615	3618991402733	1	2019-12-03 07:29:50.328068
2019-12-09 13:00:00	3618891402722	3623641402615	1	2019-12-03 07:30:28.805467
2019-12-09 09:00:00	3618661402854	3624611401974	1	2019-12-03 07:32:23.827325
2019-12-09 10:00:00	3620621402609	3627081402484	1	2019-12-03 07:34:10.65232
2019-12-09 10:00:00	3620691402610	3622251402693	1	2019-12-03 07:37:48.711008
2019-12-09 11:00:00	3622251402693	3618891402722	1	2019-12-03 07:38:17.424193
2019-12-09 13:00:00	3618891402722	3622251402693	1	2019-12-03 07:38:49.158912
2019-12-09 11:00:00	3629021401820	3624961402867	1	2019-12-03 07:40:17.936629
2019-12-09 17:00:00	3623091402112	3629021401820	1	2019-12-03 07:41:16.208018
2019-12-09 13:00:00	3623001402477	3618151403079	1	2019-12-03 07:43:40.900143
2019-12-09 15:00:00	3618151403079	3623001402477	1	2019-12-03 07:44:36.398735
2019-12-09 11:00:00	3619501403115	3619881402956	1	2019-12-03 07:45:51.059201
2019-12-09 13:00:00	3619881402956	3619501403115	1	2019-12-03 07:57:35.874166
2019-12-09 11:00:00	3624641402723	3618991402896	1	2019-12-03 08:07:36.760213
2019-12-09 14:00:00	3619401402840	3624641402723	1	2019-12-03 08:27:04.539793
2019-12-09 09:00:00	3624281401889	3624021401894	1	2019-12-03 08:31:57.124145
2019-12-09 10:00:00	3624021401894	3624281401889	1	2019-12-03 08:32:53.827576
2019-12-09 17:00:00	3620391402512	3627361401996	1	2019-12-03 08:46:16.344814
2019-12-09 17:00:00	3622331402503	3626191401810	1	2019-12-03 08:55:52.562491
2019-12-09 08:30:00	3624961402867	3620331402580	1	2019-12-03 09:01:54.531474
2019-12-09 16:00:00	3619961402544	3624961402867	1	2019-12-03 09:02:52.275348
2019-12-09 11:00:00	3616211403024	3614561402977	1	2019-12-03 12:13:17.77129
2019-12-09 15:00:00	3618891402792	3614161402681	4	2019-12-03 12:18:16.649757
2019-12-09 08:30:00	3626191401810	3623711401985	1	2019-12-03 18:11:30.384862
2019-12-09 16:00:00	3623711401985	3625051401815	1	2019-12-03 18:11:37.442558
2019-12-09 16:00:00	3622591401469	3620291401766	1	2019-12-03 18:11:43.648569
2019-12-09 16:00:00	3623711401985	3630931401763	1	2019-12-03 18:11:50.308552
2019-12-09 08:30:00	3625051401815	3623711401985	1	2019-12-03 18:11:57.416693
2019-12-09 08:30:00	3622261401717	3623711401985	1	2019-12-03 18:12:04.784353
2019-12-09 08:30:00	3621201401841	3623711401985	1	2019-12-03 18:12:11.766388
2019-12-09 08:30:00	3620291401766	3623711401985	1	2019-12-03 18:12:18.915489
2019-12-09 16:00:00	3623711401985	3621201401841	1	2019-12-03 18:12:26.238672
2019-12-09 16:00:00	3623711401985	3622261401717	1	2019-12-03 18:12:33.352539
2019-12-09 08:30:00	3627611401933	3623711401985	1	2019-12-03 18:12:39.808467
2019-12-09 16:00:00	3623711401985	3627611401933	1	2019-12-03 18:12:46.565983
2019-12-09 08:30:00	3630931401763	3623711401985	1	2019-12-03 18:12:53.638489
2019-12-09 16:00:00	3623711401985	3626191401810	1	2019-12-03 18:13:00.982233
2019-12-10 08:30:00	3626191401810	3623711401985	1	2019-12-03 18:13:12.950598
2019-12-10 16:00:00	3623711401985	3625051401815	1	2019-12-03 18:13:20.277576
2019-12-10 16:00:00	3622591401469	3620291401766	1	2019-12-03 18:13:27.417932
2019-12-10 16:00:00	3623711401985	3630931401763	1	2019-12-03 18:13:34.18465
2019-12-10 08:30:00	3625051401815	3623711401985	1	2019-12-03 18:13:41.245566
2019-12-10 08:30:00	3622261401717	3623711401985	1	2019-12-03 18:13:47.966723
2019-12-10 08:30:00	3621201401841	3623711401985	1	2019-12-03 18:13:54.763502
2019-12-10 08:30:00	3620291401766	3623711401985	1	2019-12-03 18:14:01.879126
2019-12-10 16:00:00	3623711401985	3621201401841	1	2019-12-03 18:14:09.820669
2019-12-10 16:00:00	3623711401985	3622261401717	1	2019-12-03 18:14:17.191513
2019-12-10 08:30:00	3627611401933	3623711401985	1	2019-12-03 18:14:24.25368
2019-12-10 16:00:00	3623711401985	3627611401933	1	2019-12-03 18:14:30.9824
2019-12-10 08:30:00	3630931401763	3623711401985	1	2019-12-03 18:14:37.468669
2019-12-10 16:00:00	3623711401985	3626191401810	1	2019-12-03 18:14:44.841748
2019-12-11 08:30:00	3626191401810	3623711401985	1	2019-12-03 18:16:18.849549
2019-12-11 16:00:00	3623711401985	3625051401815	1	2019-12-03 18:16:25.908554
2019-12-11 16:00:00	3622591401469	3620291401766	1	2019-12-03 18:16:33.559546
2019-12-11 16:00:00	3623711401985	3630931401763	1	2019-12-03 18:16:40.654189
2019-12-11 08:30:00	3625051401815	3623711401985	1	2019-12-03 18:16:48.335903
2019-12-11 08:30:00	3622261401717	3623711401985	1	2019-12-03 18:16:55.399698
2019-12-11 08:30:00	3621201401841	3623711401985	1	2019-12-03 18:17:02.783207
2019-12-11 08:30:00	3620291401766	3623711401985	1	2019-12-03 18:17:10.151662
2019-12-11 16:00:00	3623711401985	3621201401841	1	2019-12-03 18:17:17.517048
2019-12-11 16:00:00	3623711401985	3622261401717	1	2019-12-03 18:17:24.896732
2019-12-11 08:30:00	3627611401933	3623711401985	1	2019-12-03 18:17:31.958355
2019-12-11 16:00:00	3623711401985	3627611401933	1	2019-12-03 18:17:39.038651
2019-12-11 08:30:00	3630931401763	3623711401985	1	2019-12-03 18:17:46.096521
2019-12-11 16:00:00	3623711401985	3626191401810	1	2019-12-03 18:17:53.154517
2019-12-09 11:30:00	3625021401658	3615301402792	1	2019-12-03 21:30:50.102711
2019-12-11 09:00:00	3624001401961	3624091402638	1	2019-12-03 22:31:46.128907
2019-12-11 16:00:00	3624091402638	3624001401961	1	2019-12-03 22:32:19.408899
2019-12-11 17:00:00	3622331402503	3626191401810	1	2019-12-03 22:40:46.025545
2019-12-11 10:00:00	3613481403169	3618791402920	1	2019-12-03 22:43:49.837639
2019-12-10 16:00:00	3617781403295	3624761401844	1	2019-12-03 22:50:58.062035
2019-12-10 09:00:00	3624761401844	3617781403295	1	2019-12-03 22:52:03.314979
2019-12-11 09:00:00	3618081402868	3619121402699	1	2019-12-03 22:52:59.963753
2019-12-11 11:00:00	3619121402699	3618081402868	1	2019-12-03 22:53:35.858165
2019-12-11 09:00:00	3622261401717	3622331402503	1	2019-12-03 22:59:46.466498
2019-12-11 10:00:00	3629021401820	3624961402867	1	2019-12-03 22:59:54.188395
2019-12-11 17:00:00	3624961402867	3629021401820	1	2019-12-03 23:00:43.639632
2019-12-11 17:00:00	3622331402503	3622261401717	1	2019-12-03 23:00:54.242169
2019-12-09 09:00:00	3619081402812	3619961402544	1	2019-12-03 23:10:41.38574
2019-12-09 16:00:00	3619961402544	3618891402722	1	2019-12-03 23:11:28.855082
2019-12-10 09:00:00	3619081402812	3619961402544	1	2019-12-03 23:12:22.213703
2019-12-10 16:00:00	3619961402544	3618891402722	1	2019-12-03 23:12:57.270499
2019-12-11 09:00:00	3619081402812	3619961402544	1	2019-12-03 23:13:40.708454
2019-12-11 16:00:00	3619961402544	3618891402722	1	2019-12-03 23:14:15.921533
2019-12-11 12:00:00	3625381401595	3624051401960	1	2019-12-03 23:17:50.2939
2019-12-11 14:00:00	3624661401957	3625381401595	1	2019-12-03 23:18:46.985604
2019-12-10 09:00:00	3616841403074	3619501402745	1	2019-12-03 23:32:40.23639
2019-12-10 14:00:00	3619501402745	3616841403074	1	2019-12-03 23:33:49.938869
2019-12-11 09:00:00	3619081402812	3619961402544	1	2019-12-03 23:46:26.837306
2019-12-10 09:00:00	3622181401532	3619071402755	1	2019-12-03 23:47:10.391909
2019-12-10 14:00:00	3619071402755	3622181401532	1	2019-12-03 23:47:55.543758
2019-12-11 09:00:00	3629501401911	3620351402932	1	2019-12-03 23:48:28.45434
2019-12-11 12:00:00	3620351402932	3629501401911	1	2019-12-03 23:49:02.191625
2019-12-11 16:00:00	3619961402544	3618891402722	1	2019-12-03 23:49:36.197973
2019-12-11 09:00:00	3618661402854	3624611401974	1	2019-12-03 23:54:51.751691
2019-12-11 14:50:00	3624611401974	3618661402854	1	2019-12-03 23:57:49.119884
2019-12-11 09:00:00	3622181401532	3619071402755	1	2019-12-03 23:58:25.530377
2019-12-11 14:00:00	3619071402755	3622181401532	1	2019-12-03 23:59:11.579937
2019-12-10 10:00:00	3619821402710	3618991402733	1	2019-12-04 00:06:16.053757
2019-12-10 12:00:00	3618991402733	3619821402710	1	2019-12-04 00:07:01.998271
2019-12-11 10:00:00	3613211403310	3616381402949	1	2019-12-04 00:07:15.093421
2019-12-11 16:00:00	3616381402949	3613211403310	1	2019-12-04 00:07:45.075251
2019-12-10 12:00:00	3618891402722	3619821402710	1	2019-12-04 00:10:09.315309
2019-12-10 10:00:00	3616301402972	3618871402838	1	2019-12-04 00:17:46.404845
2019-12-10 09:00:00	3619791402657	3622401402493	1	2019-12-04 00:19:15.791132
2019-12-11 10:00:00	3624551401983	3630691401661	5	2019-12-04 00:27:33.659956
2019-12-11 12:00:00	3630691401661	3624551401983	5	2019-12-04 00:29:22.854807
2019-12-10 17:00:00	3618591402773	3614721402868	1	2019-12-04 00:33:13.316522
2019-12-10 10:00:00	3614721402868	3618591402773	1	2019-12-04 00:33:52.205102
2019-12-11 10:00:00	3614721402868	3618121403073	1	2019-12-04 00:35:32.600404
2019-12-11 15:00:00	3618121403073	3619171402929	1	2019-12-04 00:36:13.375722
2019-12-11 13:00:00	3622611401566	3626471402209	1	2019-12-04 00:37:34.11244
2019-12-11 15:00:00	3626471402209	3622611401566	1	2019-12-04 00:37:57.076817
2019-12-11 13:10:00	3623001402477	3619771403054	1	2019-12-04 00:41:16.302619
2019-12-11 17:00:00	3620391402512	3627361401996	1	2019-12-04 00:41:30.89161
2019-12-11 15:00:00	3619771403054	3623001402477	1	2019-12-04 00:41:46.791425
2019-12-11 17:00:00	3620391402512	3627361401996	1	2019-12-04 00:44:03.013492
2019-12-11 16:00:00	3622401402493	3617821402860	1	2019-12-04 00:48:56.231685
2019-12-11 13:00:00	3618151403068	3623061402632	2	2019-12-04 00:49:49.137014
2019-12-11 11:00:00	3623061402632	3618151403068	2	2019-12-04 00:50:53.981065
2019-12-11 10:00:00	3620691402610	3622251402693	1	2019-12-04 01:04:13.737657
2019-12-11 11:00:00	3622251402693	3618891402722	1	2019-12-04 01:04:51.750269
2019-12-09 15:00:00	3620261402709	3620351402932	1	2019-12-04 01:09:02.131528
2019-12-11 10:00:00	3620981402775	3619201403044	1	2019-12-04 01:18:28.36753
2019-12-11 12:00:00	3619201403044	3620981402775	1	2019-12-04 01:19:03.719712
2019-12-11 10:00:00	3625951402491	3625711402825	1	2019-12-04 02:22:08.811112
2019-12-11 12:30:00	3619411403005	3615261402940	1	2019-12-04 02:24:57.347661
2019-12-11 16:15:00	3615261402940	3619411403005	1	2019-12-04 02:26:20.88418
2019-12-11 09:50:00	3618691403035	3620351402738	1	2019-12-04 02:27:42.022507
2019-12-11 10:00:00	3625951402491	3625711402825	1	2019-12-04 02:28:00.869196
2019-12-11 08:30:00	3620351402738	3618691403035	1	2019-12-04 02:28:28.288395
2019-12-11 09:00:00	3621171402393	3619771402806	1	2019-12-04 02:34:46.967505
2019-12-11 13:20:00	3619771402806	3621171402393	1	2019-12-04 02:36:53.799939
2019-12-11 15:00:00	3618501402893	3618831403082	1	2019-12-04 03:45:32.060875
2019-12-11 15:40:00	3618981403092	3618871402838	2	2019-12-04 03:49:49.224561
2019-12-09 09:00:00	3620261402692	3619081402798	1	2019-12-04 04:43:51.216122
2019-12-09 15:00:00	3619081402798	3619611402670	1	2019-12-04 04:44:36.203209
2019-12-09 16:00:00	3619611402670	3620261402692	1	2019-12-04 04:45:01.84932
2019-12-10 10:00:00	3618941402729	3622501402473	1	2019-12-04 04:47:08.822262
2019-12-10 15:20:00	3622501402473	3618941402729	1	2019-12-04 04:49:44.103851
2019-12-11 10:00:00	3618941402729	3622501402473	1	2019-12-04 04:50:04.129781
2019-12-11 15:20:00	3622501402473	3618941402729	1	2019-12-04 04:50:31.27779
2019-12-11 11:00:00	3624281401878	3619091402898	1	2019-12-04 05:04:08.36103
2019-12-11 15:00:00	3619051402903	3624281401878	1	2019-12-04 05:04:50.725155
2019-12-09 10:30:00	3620681402716	3619251402845	1	2019-12-04 05:17:26.086606
2019-12-09 12:15:00	3619251402845	3620681402716	1	2019-12-04 05:18:26.928513
2019-12-09 14:30:00	3616411403053	3618481403079	1	2019-12-04 05:19:48.799469
2019-12-10 12:00:00	3624641402723	3620811402899	1	2019-12-04 05:26:57.872827
2019-12-10 15:00:00	3620811402899	3624641402723	1	2019-12-04 05:27:20.735802
2019-12-11 15:30:00	3621031402689	3622401402493	1	2019-12-04 06:37:48.298239
2019-12-11 09:50:00	3622321401620	3620351402932	1	2019-12-04 06:39:10.19322
2019-12-10 15:00:00	3618461403037	3620351402932	1	2019-12-04 06:40:06.306084
2019-12-11 12:10:00	3620351402932	3622321401620	1	2019-12-04 06:41:43.590852
2019-12-09 16:00:00	3626401402216	3622341401532	1	2019-12-04 07:44:25.347307
2019-12-11 11:50:00	3619381402771	3622401402493	1	2019-12-04 07:45:34.840782
2019-12-11 16:15:00	3622401402493	3619381402771	1	2019-12-04 07:47:40.373586
2019-12-10 10:00:00	3622341401532	3626401402216	1	2019-12-04 07:48:16.458027
2019-12-11 16:00:00	3626401402216	3622341401532	1	2019-12-04 07:53:36.529155
2019-12-11 09:30:00	3622341401532	3626401402216	1	2019-12-04 07:56:33.446068
2019-12-10 10:00:00	3622341401532	3626401402216	1	2019-12-04 07:57:11.865605
2019-12-10 15:30:00	3626401402216	3622341401532	1	2019-12-04 07:57:42.18636
2019-12-09 16:00:00	3626401402216	3622341401532	1	2019-12-04 07:58:41.904359
2019-12-11 09:00:00	3625231402520	3620811402899	1	2019-12-04 08:07:40.048354
2019-12-11 09:00:00	3625231402520	3620811402899	1	2019-12-04 08:09:10.32512
2019-12-11 17:00:00	3620811402899	3625231402520	1	2019-12-04 08:09:49.492243
2019-12-12 16:00:00	3623711401985	3625051401815	1	2019-12-04 17:31:30.807648
2019-12-12 16:00:00	3622591401469	3620291401766	1	2019-12-04 17:31:38.371467
2019-12-12 16:00:00	3623711401985	3630931401763	1	2019-12-04 17:31:46.086624
2019-12-12 08:30:00	3625051401815	3623711401985	1	2019-12-04 17:31:54.063387
2019-12-12 08:30:00	3621201401841	3623711401985	1	2019-12-04 17:32:02.467708
2019-12-12 08:30:00	3620291401766	3623711401985	1	2019-12-04 17:32:10.64756
2019-12-12 16:00:00	3623711401985	3621201401841	1	2019-12-04 17:32:18.369897
2019-12-12 08:30:00	3627611401933	3623711401985	1	2019-12-04 17:32:26.034552
2019-12-12 16:00:00	3623711401985	3627611401933	1	2019-12-04 17:32:34.640883
2019-12-12 08:30:00	3630931401763	3623711401985	1	2019-12-04 17:32:42.933811
2019-12-12 16:00:00	3623711401985	3626191401810	1	2019-12-04 17:32:50.922855
2019-12-11 15:00:00	3619061403050	3623061402634	1	2019-12-04 20:59:58.838643
2019-12-11 16:30:00	3623061402634	3619061403050	1	2019-12-04 21:01:06.20738
2019-12-12 13:00:00	3619461402827	3618881402772	1	2019-12-04 22:15:33.689299
2019-12-12 16:15:00	3618881402772	3619461402827	1	2019-12-04 22:16:03.698297
2019-12-12 16:15:00	3617891402976	3619231402700	1	2019-12-04 22:23:00.798543
2019-12-12 09:00:00	3629721401910	3625211401854	1	2019-12-04 22:32:35.499214
2019-12-12 15:00:00	3624661401957	3629721401910	1	2019-12-04 22:33:31.525409
2019-12-12 09:00:00	3617721402889	3622401402493	1	2019-12-04 22:33:35.449042
2019-12-12 12:00:00	3622401402493	3617721402889	1	2019-12-04 22:34:31.023472
2019-12-12 12:00:00	3622401402493	3617721402889	1	2019-12-04 22:35:52.762498
2019-12-12 09:00:00	3624001401961	3624091402638	1	2019-12-04 22:37:54.060845
2019-12-12 16:00:00	3624091402638	3624001401961	1	2019-12-04 22:38:17.182572
2019-12-12 09:00:00	3622261401717	3622331402503	1	2019-12-04 22:41:20.826051
2019-12-12 17:00:00	3622331402503	3622261401717	1	2019-12-04 22:41:54.273023
2019-12-11 14:00:00	3622161402146	3620071402840	1	2019-12-04 22:52:41.246169
2019-12-11 15:50:00	3620071402840	3622161402146	1	2019-12-04 22:53:52.626833
2019-12-12 16:00:00	3619041402686	3619071402687	1	2019-12-04 23:16:25.299738
2019-12-12 08:30:00	3616841403074	3619501402745	1	2019-12-04 23:24:41.540266
2019-12-12 14:00:00	3619501402745	3616841403074	1	2019-12-04 23:25:13.743007
2019-12-12 17:00:00	3620391402512	3627361401996	1	2019-12-04 23:30:58.768056
2019-12-12 10:00:00	3629021401820	3624961402867	1	2019-12-04 23:41:04.173273
2019-12-12 17:00:00	3624961402867	3629021401820	1	2019-12-04 23:42:06.142361
2019-12-09 09:00:00	3626201402030	3624661401957	1	2019-12-05 00:27:41.602327
2019-12-09 10:00:00	3624661401957	3626201402030	1	2019-12-05 00:28:06.128188
2019-12-11 09:00:00	3626201402030	3624661401957	1	2019-12-05 00:28:38.942361
2019-12-11 10:50:00	3624661401957	3626201402030	1	2019-12-05 00:30:18.804559
2019-12-12 13:00:00	3624841402472	3621001402611	1	2019-12-05 00:30:26.72928
2019-12-09 10:00:00	3619311402874	3618631402968	1	2019-12-05 00:30:50.694461
2019-12-12 16:00:00	3621001402611	3624841402472	1	2019-12-05 00:31:12.646278
2019-12-12 09:00:00	3621171402393	3619171402761	1	2019-12-05 00:37:13.58458
2019-12-12 12:00:00	3618891402722	3621171402393	1	2019-12-05 00:38:21.555602
2019-12-12 09:00:00	3613071403180	3611931402456	2	2019-12-05 00:38:24.512757
2019-12-12 16:00:00	3611931402456	3613071403180	2	2019-12-05 00:39:09.127054
2019-12-12 09:00:00	3619771402024	3618891402722	2	2019-12-05 00:44:18.768479
2019-12-09 13:20:00	3618631402968	3619311402874	1	2019-12-05 00:45:26.340423
2019-12-12 09:00:00	3618661402854	3622401402493	1	2019-12-05 00:46:00.929787
2019-12-12 11:00:00	3618891402722	3619771402024	2	2019-12-05 00:46:06.802503
2019-12-12 16:00:00	3622401402493	3618661402854	1	2019-12-05 00:46:56.785656
2019-12-09 11:10:00	3621071402483	3619771403054	2	2019-12-05 00:59:49.313897
2019-12-09 13:20:00	3619771403054	3621071402483	2	2019-12-05 01:00:50.225502
2019-12-12 16:00:00	3620371402841	3619231402700	1	2019-12-05 01:05:58.718528
2019-12-10 08:30:00	3620281402638	3620631402895	1	2019-12-05 01:16:11.844513
2019-12-12 08:30:00	3620281402638	3620631402895	1	2019-12-05 01:16:59.370854
2019-12-09 10:00:00	3614971402781	3616211403024	1	2019-12-05 01:18:36.008486
2019-12-12 08:30:00	3626461402439	3618791402920	2	2019-12-05 01:21:04.483573
2019-12-09 12:00:00	3616211403024	3614971402781	1	2019-12-05 01:23:02.132667
2019-12-09 11:00:00	3619371402744	3618871403062	2	2019-12-05 01:26:40.157188
2019-12-12 10:00:00	3631021401824	3624661401957	1	2019-12-05 01:30:28.167874
2019-12-12 11:00:00	3624661401957	3631021401824	1	2019-12-05 01:30:54.951079
2019-12-12 10:00:00	3620691402610	3622251402693	1	2019-12-05 01:39:27.034409
2019-12-12 11:00:00	3622251402693	3619771403054	1	2019-12-05 01:40:23.16152
2019-12-12 13:00:00	3619771403054	3622251402693	1	2019-12-05 01:40:52.849325
2019-12-10 09:00:00	3617851402970	3615261402940	1	2019-12-05 02:00:50.220471
2019-12-10 12:00:00	3615261402940	3617851402970	1	2019-12-05 02:01:36.073231
2019-12-12 09:00:00	3617851402970	3618591402773	1	2019-12-05 02:02:28.465573
2019-12-12 13:00:00	3617851402970	3618591402773	1	2019-12-05 02:04:57.972453
2019-12-10 10:00:00	3620311402685	3619621402814	1	2019-12-05 02:09:09.442683
2019-12-10 12:00:00	3619621402814	3618591402773	1	2019-12-05 02:10:25.912515
2019-12-10 15:10:00	3618591402773	3620311402685	1	2019-12-05 02:14:28.378961
2019-12-12 11:00:00	3617651403087	3618301403056	1	2019-12-05 02:19:29.709151
2019-12-09 11:15:00	3620331402854	3620311402685	1	2019-12-05 02:20:58.543895
2019-12-11 09:00:00	3622591402453	3623091402112	1	2019-12-05 02:46:59.564073
2019-12-11 11:00:00	3623091402112	3622591402453	1	2019-12-05 02:48:38.576573
2019-12-12 09:00:00	3619321403064	3618241402965	1	2019-12-05 03:03:13.767903
2019-12-12 10:00:00	3618241402965	3619321403064	1	2019-12-05 03:03:43.72117
2019-12-09 09:30:00	3623671402664	3620421402865	1	2019-12-05 04:05:54.987687
2019-12-11 09:15:00	3623671402664	3618881402739	1	2019-12-05 04:10:59.68877
2019-12-12 12:45:00	3615211402828	3622401402493	1	2019-12-05 04:22:04.399177
2019-12-12 12:30:00	3615581402987	3622401402493	1	2019-12-05 04:24:17.538453
2019-12-10 14:00:00	3622631401514	3624151401942	1	2019-12-05 04:26:23.629201
2019-12-10 15:00:00	3624151401942	3622631401514	1	2019-12-05 04:27:29.304188
2019-12-10 15:00:00	3624151401942	3622631401514	1	2019-12-05 04:29:00.878718
2019-12-12 15:00:00	3622401402493	3615581402987	1	2019-12-05 04:42:07.523369
2019-12-12 10:00:00	3630811401741	3624411401947	1	2019-12-05 04:44:14.958157
2019-12-12 12:00:00	3624661401957	3630811401741	1	2019-12-05 04:45:25.45173
2019-12-12 15:00:00	3622401402493	3615211402828	1	2019-12-05 04:50:36.681959
2019-12-10 09:20:00	3621081402811	3622401402493	1	2019-12-05 04:56:33.820703
2019-12-10 12:40:00	3622401402493	3621081402811	1	2019-12-05 04:57:47.573038
2019-12-11 08:30:00	3621081402811	3617781403295	1	2019-12-05 05:00:03.087926
2019-12-11 10:00:00	3621461402766	3620351402932	1	2019-12-05 05:05:00.533902
2019-12-11 12:00:00	3620351402932	3621461402766	1	2019-12-05 05:06:01.214415
2019-12-12 08:30:00	3619891402689	3620351402918	2	2019-12-05 05:19:29.456761
2019-12-10 08:30:00	3619891402689	3620351402918	2	2019-12-05 05:25:47.027669
2019-12-10 10:30:00	3620351402918	3619891402689	2	2019-12-05 05:26:27.092234
2019-12-10 12:00:00	3619941402890	3619081402798	1	2019-12-05 05:29:04.15706
2019-12-10 08:30:00	3619891402689	3620351402918	2	2019-12-05 05:37:05.5908
2019-12-10 11:00:00	3620201402601	3622401402493	1	2019-12-05 05:38:17.834432
2019-12-10 10:30:00	3620351402918	3619891402689	2	2019-12-05 05:38:34.100153
2019-12-10 15:20:00	3622401402493	3620201402601	1	2019-12-05 05:39:48.206681
2019-12-11 11:20:00	3620201402601	3622401402493	1	2019-12-05 05:43:57.461448
2019-12-11 15:30:00	3622401402493	3620201402601	1	2019-12-05 05:44:45.172191
2019-12-11 11:00:00	3624281401889	3619091402898	1	2019-12-05 05:49:35.588608
2019-12-11 15:00:00	3619091402898	3624281401889	1	2019-12-05 05:50:23.754321
2019-12-11 15:00:00	3619051402903	3624281401889	1	2019-12-05 05:52:49.399178
2019-12-12 12:00:00	3614721402868	3618591402773	1	2019-12-05 06:09:39.518379
2019-12-12 17:00:00	3618591402773	3614721402868	1	2019-12-05 06:10:18.437918
2019-12-12 13:15:00	3618491402801	3619401402840	1	2019-12-05 06:22:49.783588
2019-12-12 15:00:00	3619401402840	3618491402802	1	2019-12-05 06:23:18.202912
2019-12-12 16:15:00	3621031402689	3619861402743	1	2019-12-05 06:35:40.355236
2019-12-12 15:10:00	3622401402493	3615211402828	1	2019-12-05 06:40:38.765457
2019-12-12 15:10:00	3622401402493	3615581402987	1	2019-12-05 06:47:50.6918
2019-12-12 09:00:00	3625231402520	3620811402899	1	2019-12-05 08:04:48.438108
2019-12-12 17:00:00	3620811402899	3625231402520	1	2019-12-05 08:05:48.44877
2019-12-11 09:00:00	3625231402520	3620811402899	1	2019-12-05 08:10:42.858041
2019-12-11 09:00:00	3625231402520	3620811402899	1	2019-12-05 08:13:30.965272
2019-12-12 09:30:00	3618821403051	3617781403295	2	2019-12-05 08:14:38.806363
2019-12-12 11:55:00	3617781403295	3618821403051	2	2019-12-05 08:17:41.362545
2019-12-09 17:00:00	3625231402520	3620811402899	1	2019-12-05 08:21:39.977056
2019-12-13 16:00:00	3623711401985	3625051401815	1	2019-12-05 17:46:29.363042
2019-12-13 16:00:00	3622591401469	3620291401766	1	2019-12-05 17:46:37.575821
2019-12-13 16:00:00	3623711401985	3630931401763	1	2019-12-05 17:46:45.95395
2019-12-13 08:30:00	3625051401815	3623711401985	1	2019-12-05 17:46:54.2119
2019-12-13 08:30:00	3621201401841	3623711401985	1	2019-12-05 17:47:01.622838
2019-12-13 08:30:00	3620291401766	3623711401985	1	2019-12-05 17:47:09.45951
2019-12-13 16:00:00	3623711401985	3621201401841	1	2019-12-05 17:47:17.292595
2019-12-13 08:30:00	3627611401933	3623711401985	1	2019-12-05 17:47:25.277888
2019-12-13 16:00:00	3623711401985	3627611401933	1	2019-12-05 17:47:33.266079
2019-12-13 08:30:00	3630931401763	3623711401985	1	2019-12-05 17:47:41.260925
2019-12-13 16:00:00	3623711401985	3626191401810	1	2019-12-05 17:47:50.158922
2019-12-13 09:00:00	3624001401961	3618741402967	1	2019-12-05 22:32:54.278544
2019-12-13 15:00:00	3618741402967	3624001401961	1	2019-12-05 22:33:21.851128
2019-12-13 13:00:00	3623001402477	3619401402840	1	2019-12-05 22:33:26.979084
2019-12-13 15:00:00	3619401402840	3623001402477	1	2019-12-05 22:34:04.59456
2019-12-13 10:00:00	3617721402889	3618241402917	1	2019-12-05 22:39:15.507297
2019-12-13 11:00:00	3618241402917	3619771403054	1	2019-12-05 22:40:15.26943
2019-12-13 14:00:00	3619771403054	3618571402782	1	2019-12-05 22:41:55.229678
2019-12-13 09:00:00	3622261401717	3622331402503	1	2019-12-05 22:43:41.044871
2019-12-13 17:00:00	3622331402503	3622261401717	1	2019-12-05 22:44:12.428936
2019-12-13 16:00:00	3619041402686	3619071402687	1	2019-12-05 22:48:57.336615
2019-12-13 08:30:00	3620621402792	3617781403295	1	2019-12-05 22:52:18.042211
2019-12-13 12:00:00	3617781403295	3620621402792	1	2019-12-05 22:52:40.890128
2019-12-13 12:50:00	3629721401910	3624551401983	1	2019-12-05 22:58:07.96307
2019-12-13 15:00:00	3624661401957	3629721401910	1	2019-12-05 22:58:32.738934
2019-12-13 16:00:00	3621031402689	3618971402745	1	2019-12-05 23:02:25.891262
2019-12-13 09:00:00	3622161402687	3618971402745	1	2019-12-05 23:04:02.480827
2019-12-13 12:00:00	3618891402722	3622161402687	1	2019-12-05 23:04:34.541846
2019-12-13 09:00:00	3620391402651	3618891402722	1	2019-12-05 23:09:37.953642
2019-12-13 11:00:00	3618891402722	3620391402651	1	2019-12-05 23:09:59.27149
2019-12-13 09:00:00	3619011402861	3619421403073	1	2019-12-05 23:19:22.608
2019-12-13 11:00:00	3619421403073	3619011402861	1	2019-12-05 23:19:44.695276
2019-12-13 15:20:00	3619091402880	3620351402932	2	2019-12-05 23:20:27.079865
2019-12-13 09:00:00	3620251402667	3619961402691	1	2019-12-05 23:27:16.020391
2019-12-13 11:00:00	3619961402691	3620251402667	1	2019-12-05 23:28:52.259257
2019-12-13 10:00:00	3626021402549	3623091402112	1	2019-12-05 23:40:10.663732
2019-12-13 11:00:00	3623091402112	3626021402549	1	2019-12-05 23:40:46.439833
2019-12-13 09:00:00	3619321402870	3620351402918	1	2019-12-05 23:43:07.068828
2019-12-13 12:00:00	3620351402918	3619321402870	1	2019-12-05 23:43:47.207288
2019-12-09 14:00:00	3626021402549	3623091402112	1	2019-12-05 23:52:53.327586
2019-12-09 15:00:00	3623091402112	3626021402549	1	2019-12-05 23:53:17.285787
2019-12-13 09:00:00	3620251402580	3618971402745	1	2019-12-05 23:57:50.959372
2019-12-13 10:00:00	3619061402750	3618641402739	1	2019-12-05 23:59:00.906284
2019-12-13 11:00:00	3618601402738	3618891402722	1	2019-12-05 23:59:34.743283
2019-12-13 12:00:00	3618891402722	3620251402580	1	2019-12-05 23:59:58.144772
2019-12-13 13:00:00	3620251402580	3619081402798	1	2019-12-06 00:00:36.176276
2019-12-13 17:00:00	3619081402798	3620251402580	1	2019-12-06 00:01:01.342217
2019-12-13 09:00:00	3619451402785	3626651402658	1	2019-12-06 00:18:37.539099
2019-12-13 11:00:00	3626651402658	3619451402785	1	2019-12-06 00:19:31.74513
2019-12-12 16:00:00	3623711401985	3620291401766	1	2019-12-06 00:21:17.578125
2019-12-13 16:00:00	3623711401985	3620291401766	1	2019-12-06 00:22:18.480547
2019-12-13 11:00:00	3626651402658	3619911403057	1	2019-12-06 00:22:49.462848
2019-12-13 09:00:00	3621081402777	3619081402798	1	2019-12-06 00:22:53.220636
2019-12-13 08:30:00	3622681401513	3624961402867	1	2019-12-06 00:34:12.610182
2019-12-13 16:00:00	3624961402867	3622681401513	1	2019-12-06 00:34:59.774713
2019-12-13 09:00:00	3614721402868	3618121403073	1	2019-12-06 00:46:54.123748
2019-12-13 13:10:00	3622271401608	3624551401983	1	2019-12-06 00:47:53.109282
2019-12-13 15:00:00	3624551401983	3622271401608	1	2019-12-06 00:48:30.713108
2019-12-09 14:00:00	3618641402722	3618151402832	1	2019-12-06 00:56:20.951084
2019-12-13 17:00:00	3623941401770	3619231402700	1	2019-12-06 00:58:56.126998
2019-12-13 11:00:00	3618641402722	3622401402493	1	2019-12-06 01:01:45.281143
2019-12-13 16:00:00	3622401402493	3618641402722	1	2019-12-06 01:02:17.929187
2019-12-09 15:00:00	3619961402544	3616811402947	1	2019-12-06 01:03:06.255019
2019-12-11 15:00:00	3619961402544	3616811402947	1	2019-12-06 01:06:44.277617
2019-12-09 13:00:00	3618641402722	3618151402832	1	2019-12-06 01:07:01.141931
2019-12-09 15:00:00	3618151402832	3618641402722	1	2019-12-06 01:07:36.889845
2019-12-12 15:00:00	3619961402544	3616811402947	1	2019-12-06 01:07:54.568138
2019-12-13 16:00:00	3619961402544	3616811402947	1	2019-12-06 01:08:52.462228
2019-12-10 14:00:00	3618891403018	3617781403295	1	2019-12-06 01:21:00.628943
2019-12-12 16:10:00	3618591402773	3617851402970	1	2019-12-06 01:22:14.265218
2019-12-13 12:00:00	3624731402736	3620811402899	1	2019-12-06 01:28:14.758352
2019-12-13 15:00:00	3620811402899	3624731402736	1	2019-12-06 01:29:04.530832
2019-12-13 10:00:00	3620691402610	3622251402693	1	2019-12-06 01:29:22.223506
2019-12-13 11:00:00	3622251402693	3618811402924	1	2019-12-06 01:30:00.795328
2019-12-13 13:00:00	3618811402924	3622251402693	1	2019-12-06 01:30:34.645017
2019-12-13 12:00:00	3624641402723	3620811402899	1	2019-12-06 01:31:31.57949
2019-12-13 15:00:00	3620811402899	3624641402723	1	2019-12-06 01:31:55.324688
2019-12-13 08:30:00	3625061401812	3620351402918	1	2019-12-06 01:34:37.009015
2019-12-13 11:00:00	3620351402918	3625061401812	1	2019-12-06 01:35:33.176689
2019-12-13 09:00:00	3620491402787	3620171402661	1	2019-12-06 01:39:10.851501
2019-12-13 08:30:00	3618691402922	3622401402493	1	2019-12-06 01:46:09.580881
2019-12-13 11:30:00	3622401402493	3618691402922	1	2019-12-06 01:46:45.543386
2019-12-13 08:30:00	3619081402680	3622591402479	1	2019-12-06 01:49:29.451917
2019-12-13 09:00:00	3618081402868	3619121402699	1	2019-12-06 01:50:00.309051
2019-12-13 11:00:00	3619121402699	3618081402868	1	2019-12-06 01:50:33.562884
2019-12-13 09:00:00	3620281402638	3619061402750	1	2019-12-06 01:55:57.908953
2019-12-13 10:00:00	3619061402750	3620631402895	1	2019-12-06 01:56:32.04945
2019-12-13 13:30:00	3613481403169	3616281403029	1	2019-12-06 01:56:49.146264
2019-12-13 14:00:00	3616281403029	3613481403169	1	2019-12-06 02:00:24.608578
2019-12-13 14:00:00	3620251402580	3619081402798	1	2019-12-06 02:07:25.16933
2019-12-10 13:00:00	3619331402717	3618771402973	1	2019-12-06 02:18:30.203174
2019-12-13 08:30:00	3619341402823	3618901402923	1	2019-12-06 02:18:43.42645
2019-12-13 08:30:00	3619341402823	3618901402923	1	2019-12-06 02:21:21.561227
2019-12-10 13:00:00	3619331402717	3618771402973	1	2019-12-06 02:27:09.636357
2019-12-13 14:00:00	3622631401514	3624151401942	1	2019-12-06 02:35:12.305429
2019-12-13 15:00:00	3624151401942	3622631401514	1	2019-12-06 02:35:35.912589
2019-12-13 10:00:00	3624091402638	3620071402840	1	2019-12-06 02:39:12.027639
2019-12-13 12:00:00	3620071402840	3624091402638	1	2019-12-06 02:39:50.744108
2019-12-13 10:00:00	3625381401595	3627081402649	1	2019-12-06 02:49:48.849779
2019-12-13 15:00:00	3623101402115	3625381401595	1	2019-12-06 02:50:25.744371
2019-12-13 10:30:00	3622091402682	3618971402745	1	2019-12-06 02:51:49.757828
2019-12-13 12:00:00	3618891402722	3622091402682	1	2019-12-06 02:52:43.210945
2019-12-13 10:00:00	3625381401595	3624431401983	1	2019-12-06 02:53:40.593571
2019-12-13 09:00:00	3618641402722	3618521403079	1	2019-12-06 02:55:34.13859
2019-12-13 11:00:00	3618521403079	3618641402722	1	2019-12-06 02:56:03.479545
2019-12-09 15:00:00	3614161402611	3618621402978	1	2019-12-06 03:25:12.759752
2019-12-11 15:00:00	3614161402611	3618621402978	1	2019-12-06 03:25:52.773684
2019-12-13 15:00:00	3614161402611	3618621402978	1	2019-12-06 03:26:36.469478
2019-12-12 13:30:00	3618371402874	3620191402933	1	2019-12-06 03:38:50.186771
2019-12-09 15:00:00	3619961402544	3616331402990	1	2019-12-06 04:04:58.252643
2019-12-10 13:00:00	3623411401797	3622401402493	1	2019-12-06 04:07:39.244383
2019-12-12 15:00:00	3619961402544	3616331402990	1	2019-12-06 04:10:38.9058
2019-12-13 15:00:00	3619961402544	3616331402990	1	2019-12-06 04:11:38.417605
2019-12-13 09:15:00	3618911402913	3619771403054	2	2019-12-06 04:21:27.422938
2019-12-13 09:20:00	3619151403058	3618841402966	1	2019-12-06 04:22:52.117743
2019-12-13 12:00:00	3619771403054	3618911402913	2	2019-12-06 04:26:44.305155
2019-12-13 08:40:00	3624091401711	3621241401725	1	2019-12-06 04:28:13.662334
2019-12-13 11:30:00	3621241401725	3624091401711	1	2019-12-06 04:29:23.293198
2019-12-13 13:00:00	3620311402685	3619621402814	1	2019-12-06 04:41:38.278163
2019-12-13 15:30:00	3619621402814	3620311402685	1	2019-12-06 04:42:05.801944
2019-12-13 14:00:00	3619091402880	3622371402493	5	2019-12-06 04:42:08.519677
2019-12-13 15:00:00	3622371402493	3619091402880	5	2019-12-06 04:42:30.848326
2019-12-09 13:15:00	3629721401910	3624051401960	1	2019-12-06 04:42:58.86385
2019-12-09 15:15:00	3624661401957	3629721401910	1	2019-12-06 04:43:20.853409
2019-12-12 15:50:00	3622501402473	3618941402729	1	2019-12-06 04:55:56.960188
2019-12-13 09:20:00	3621031402778	3618891402722	2	2019-12-06 04:56:34.688777
2019-12-13 08:40:00	3618941402729	3622501402473	1	2019-12-06 04:57:11.691521
2019-12-13 10:20:00	3618891402722	3621031402778	1	2019-12-06 04:57:14.249371
2019-12-13 13:00:00	3622501402473	3619081402798	1	2019-12-06 04:58:39.592492
2019-12-11 15:00:00	3619051402903	3624441401863	1	2019-12-06 05:06:19.554953
2019-12-12 11:40:00	3630691402018	3620891402856	1	2019-12-06 05:12:23.644443
2019-12-12 13:20:00	3620891402856	3630691402018	1	2019-12-06 05:13:44.878053
2019-12-13 10:00:00	3630691402018	3620891402856	1	2019-12-06 05:14:17.402133
2019-12-13 11:00:00	3620891402856	3630691402018	1	2019-12-06 05:14:50.354108
2019-12-13 10:10:00	3622741402487	3618901402924	1	2019-12-06 05:18:18.024138
2019-12-13 11:15:00	3618901402924	3619401402840	1	2019-12-06 05:20:58.162829
2019-12-09 14:55:00	3618891402722	3622271401608	1	2019-12-06 05:43:50.808079
2019-12-09 13:20:00	3622271401608	3618891402722	1	2019-12-06 05:47:09.184306
2019-12-09 14:00:00	3618671402855	3619091402880	1	2019-12-06 05:51:15.543987
2019-12-09 14:30:00	3619091402880	3618671402855	1	2019-12-06 05:51:56.258818
2019-12-09 14:00:00	3618671402855	3619091402880	1	2019-12-06 05:54:24.886416
2019-12-09 14:00:00	3618791402920	3619401402840	1	2019-12-06 06:03:13.693134
2019-12-13 13:15:00	3619821402710	3619081402798	1	2019-12-06 06:12:31.476471
2019-12-13 16:00:00	3619081402798	3619821402710	1	2019-12-06 06:13:25.949335
2019-12-13 10:00:00	3623681402125	3622401402493	1	2019-12-06 06:21:13.718177
2019-12-13 15:30:00	3622401402493	3623681402125	1	2019-12-06 06:22:26.286368
2019-12-12 14:00:00	3623051402628	3619261402785	1	2019-12-06 06:34:39.312943
2019-12-12 15:00:00	3619261402785	3623051402628	1	2019-12-06 06:35:18.199795
2019-12-12 15:00:00	3620351402932	3619331402821	1	2019-12-06 06:37:09.471215
2019-12-12 15:00:00	3620191402933	3619331402821	1	2019-12-06 06:43:23.356911
2019-12-12 15:30:00	3626401402216	3622341401532	1	2019-12-06 07:01:15.813137
2019-12-09 12:00:00	3616211403024	3614561402977	1	2019-12-06 07:02:17.059678
2019-12-13 10:00:00	3622341401532	3626401402216	1	2019-12-06 07:03:31.37413
2019-12-13 15:50:00	3626401402216	3622341401532	1	2019-12-06 07:04:19.721987
2019-12-13 15:00:00	3619611403133	3620891402856	1	2019-12-06 07:29:03.009049
2019-12-13 16:10:00	3620891402856	3619611403133	1	2019-12-06 07:30:24.442734
2019-12-13 10:15:00	3619701402933	3619891403054	1	2019-12-06 07:30:53.002198
2019-12-13 11:15:00	3619771403054	3619701402933	1	2019-12-06 07:31:51.724694
2019-12-12 16:30:00	3619961402544	3624631402491	1	2019-12-06 07:34:21.462578
2019-12-13 16:30:00	3619961402544	3624621402493	1	2019-12-06 07:35:13.649117
2019-12-10 14:00:00	3618391402875	3622501402473	1	2019-12-06 07:37:13.024355
2019-12-10 13:00:00	3618391402875	3622501402473	1	2019-12-06 07:43:43.923791
2019-12-13 14:00:00	3618391402875	3622501402473	1	2019-12-06 07:48:31.393965
2019-12-13 16:15:00	3622501402473	3618391402875	1	2019-12-06 07:49:03.568225
2019-12-13 17:00:00	3619961402544	3618891403042	1	2019-12-06 07:51:11.557577
2019-12-12 17:00:00	3619961402544	3618891403042	1	2019-12-06 07:56:23.007475
2019-12-13 11:15:00	3619501403115	3619331402717	1	2019-12-06 08:18:31.604588
2019-12-12 16:40:00	3619091402880	3619081402812	2	2019-12-06 08:18:48.818587
2019-12-13 15:00:00	3619331402717	3619501403115	1	2019-12-06 08:19:18.57988
2019-12-13 13:15:00	3624661401957	3622351401863	1	2019-12-07 06:36:19.227995
2019-12-09 16:00:00	3623711401985	3620291401766	1	2019-12-08 08:18:10.204539
2019-12-10 09:30:00	3616851403030	3622401402493	1	2019-12-08 22:49:28.716788
2019-12-12 09:00:00	3624761401844	3619251402751	1	2019-12-08 22:51:11.636889
2019-12-10 16:30:00	3622401402493	3616851403030	1	2019-12-08 22:51:37.275662
2019-12-11 10:00:00	3616851403030	3618891402722	1	2019-12-08 23:01:06.671245
2019-12-11 13:00:00	3618891402722	3616851403030	1	2019-12-08 23:01:54.311913
2019-12-10 09:30:00	3620181402958	3618991402733	1	2019-12-08 23:07:25.255378
2019-12-10 13:00:00	3618891402722	3620181402958	1	2019-12-08 23:09:17.041217
2019-12-11 10:00:00	3619811402127	3623091402112	1	2019-12-08 23:15:50.493556
2019-12-11 13:00:00	3623091402112	3619811402127	1	2019-12-08 23:19:47.947458
2019-12-10 08:50:00	3622391402236	3622401402493	1	2019-12-08 23:40:37.858347
2019-12-10 09:00:00	3621861402077	3624791401793	1	2019-12-08 23:45:08.8113
2019-12-10 14:00:00	3621861402077	3624791401793	1	2019-12-08 23:48:38.423001
2019-12-10 15:15:00	3624791401793	3621861402077	1	2019-12-08 23:49:20.235568
2019-12-10 08:30:00	3618211402981	3620351402932	1	2019-12-08 23:56:22.133647
2019-12-12 09:00:00	3620541402618	3619871402732	1	2019-12-09 00:04:45.893844
2019-12-10 09:30:00	3618791402674	3620351402932	1	2019-12-09 00:15:31.709889
2019-12-10 13:00:00	3620351402932	3618791402674	1	2019-12-09 00:16:43.402897
2019-12-11 09:00:00	3618961401660	3624791401793	1	2019-12-09 00:20:48.568983
2019-12-11 10:30:00	3624791401793	3618961401660	1	2019-12-09 00:21:50.536893
2019-12-11 10:30:00	3624791401793	3624091401711	1	2019-12-09 00:25:59.52677
2019-12-13 12:00:00	3620351402932	3620981402775	1	2019-12-09 00:33:11.49756
2019-12-10 13:30:00	3619901402754	3619891403054	1	2019-12-09 00:44:48.910484
2019-12-10 13:30:00	3619431402692	3620621402609	1	2019-12-09 00:44:55.455022
2019-12-10 15:30:00	3619891403054	3619901402754	1	2019-12-09 00:49:22.955918
2019-12-10 17:00:00	3624961402867	3629021401820	1	2019-12-09 01:12:06.225658
2019-12-10 09:00:00	3623441401799	3622401402493	1	2019-12-09 01:14:37.612897
2019-12-10 14:30:00	3622401402493	3623441401799	1	2019-12-09 01:15:27.364919
2019-12-12 09:00:00	3620641402594	3620351402918	1	2019-12-09 01:25:22.632935
2019-12-12 09:00:00	3620641402594	3620351402918	1	2019-12-09 01:27:28.030935
2019-12-12 11:45:00	3620351402918	3620641402594	1	2019-12-09 01:28:49.522047
2019-12-11 09:00:00	3619141401729	3624791401793	1	2019-12-09 01:29:13.176131
2019-12-11 13:00:00	3624791401793	3619141401729	1	2019-12-09 01:30:34.03631
2019-12-11 11:00:00	3624791401793	3619141401729	1	2019-12-09 01:32:06.628507
2019-12-11 10:40:00	3620641402594	3619611402670	1	2019-12-09 01:32:42.373991
2019-12-12 11:00:00	3618971402745	3619401402840	2	2019-12-09 01:38:02.46706
2019-12-10 15:00:00	3622401402493	3618661402854	1	2019-12-09 01:41:47.591854
2019-12-12 10:50:00	3617791403114	3620351402932	1	2019-12-09 01:48:21.877472
2019-12-13 12:00:00	3619771403054	3618691403035	1	2019-12-09 01:48:40.37747
2019-12-11 09:00:00	3619671402938	3618791402920	1	2019-12-09 02:16:27.06569
2019-12-10 08:30:00	3622261401717	3623711401985	1	2019-12-09 02:16:46.441177
2019-12-10 09:20:00	3624611402495	3620261402592	1	2019-12-09 02:17:03.487582
2019-12-10 16:00:00	3623711401985	3622261401717	1	2019-12-09 02:17:40.299985
2019-12-10 16:00:00	3623711401985	3620291401766	1	2019-12-09 02:19:13.408799
2019-12-10 13:40:00	3620261402592	3624611402495	1	2019-12-09 02:22:13.204889
2019-12-11 13:25:00	3618791402920	3619671402938	1	2019-12-09 02:24:23.8255
2019-12-11 09:00:00	3619671402938	3618791402920	1	2019-12-09 02:26:18.507495
2019-12-11 13:30:00	3620161402998	3622331402503	1	2019-12-09 02:29:08.148412
2019-12-11 09:00:00	3620161402998	3622331402503	1	2019-12-09 02:33:47.281819
2019-12-11 10:00:00	3622331402503	3620161402998	1	2019-12-09 02:34:27.59588
2019-12-10 14:30:00	3626971402028	3624961402867	1	2019-12-09 02:38:28.000815
2019-12-12 08:30:00	3619191402920	3618791402920	1	2019-12-09 02:51:29.444313
2019-12-12 13:20:00	3620311402685	3622401402493	1	2019-12-09 02:53:13.182949
2019-12-11 10:00:00	3616471402973	3620891402856	1	2019-12-09 03:34:14.177614
2019-12-10 09:00:00	3621021402748	3622401402493	1	2019-12-09 03:39:22.3593
2019-12-10 16:30:00	3627491402520	3622301401566	1	2019-12-09 04:15:37.960242
2019-12-10 13:30:00	3621461402766	3619401402840	1	2019-12-09 04:16:10.119062
2019-12-12 10:00:00	3622301401601	3624661401957	1	2019-12-09 04:17:35.02563
2019-12-10 14:15:00	3622301401566	3627491402520	1	2019-12-09 04:17:43.795932
2019-12-12 11:45:00	3624661401957	3622301401601	1	2019-12-09 04:19:44.922281
2019-12-10 13:30:00	3622401402493	3621021402748	1	2019-12-09 04:26:16.584552
2019-12-11 13:50:00	3629871401864	3626471402203	1	2019-12-09 04:37:32.505721
2019-12-11 15:00:00	3626471402203	3629871401864	1	2019-12-09 04:38:29.092954
2019-12-10 14:00:00	3619181402879	3619401402840	1	2019-12-09 04:45:18.044017
2019-12-10 16:00:00	3619401402840	3619181402879	1	2019-12-09 04:46:42.464356
2019-12-10 17:00:00	3620391402512	3627361401996	1	2019-12-09 04:53:23.072683
2019-12-10 12:40:00	3629761401900	3624661401957	1	2019-12-09 05:03:27.657351
2019-12-10 14:30:00	3624661401957	3629761401900	1	2019-12-09 05:04:29.156648
2019-12-12 09:00:00	3617781402886	3619081402798	1	2019-12-09 05:09:17.567947
2019-12-10 15:00:00	3618901402924	3616831402935	1	2019-12-09 05:27:38.932836
2019-12-10 09:30:00	3618831402780	3618891402722	1	2019-12-09 05:33:06.55695
2019-12-11 10:00:00	3623501401797	3623091402112	1	2019-12-09 06:08:39.50761
2019-12-11 10:55:00	3623091402112	3623501401797	1	2019-12-09 06:12:54.130296
2019-12-13 12:45:00	3616841403074	3618341403039	1	2019-12-09 06:26:58.85473
2019-12-10 09:00:00	3619871402468	3620671402549	1	2019-12-09 06:40:37.804828
2019-12-10 16:00:00	3620671402549	3619871402468	1	2019-12-09 06:41:21.36611
2019-12-10 16:30:00	3622401402493	3620391402588	1	2019-12-09 06:47:55.932021
2019-12-12 09:00:00	3620541402618	3619871402732	1	2019-12-09 06:55:06.385831
2019-12-10 09:40:00	3624961402867	3626401402625	1	2019-12-09 06:57:15.624157
2019-12-11 10:00:00	3620181402958	3622401402493	1	2019-12-09 07:09:08.453893
2019-12-11 10:30:00	3622331402503	3620161402998	1	2019-12-09 07:09:53.666027
2019-12-11 13:15:00	3622401402493	3620181402958	1	2019-12-09 07:11:26.110931
2019-12-11 09:30:00	3620161402998	3622331402503	1	2019-12-09 07:11:54.29386
2019-12-10 13:30:00	3620611402567	3620541402885	1	2019-12-09 07:17:55.034958
2019-12-10 14:30:00	3620541402885	3620611402567	1	2019-12-09 07:18:38.00458
2019-12-10 15:00:00	3624191402545	3619331402717	1	2019-12-09 07:19:34.192489
2019-12-10 17:00:00	3619331402717	3624191402545	1	2019-12-09 07:20:15.598166
2019-12-10 08:30:00	3618861402781	3620351402932	1	2019-12-09 07:24:37.118509
2019-12-11 08:30:00	3624961402867	3620331402580	1	2019-12-09 07:43:11.47315
2019-12-12 08:30:00	3624961402867	3620331402580	1	2019-12-09 07:52:16.49668
2019-12-11 08:30:00	3620711402794	3618831402911	1	2019-12-09 08:04:06.77386
2019-12-10 16:00:00	3619961402544	3618891402722	1	2019-12-09 09:26:44.912575
2019-12-11 09:00:00	3619081402812	3619961402544	1	2019-12-09 09:27:34.827427
2019-12-10 08:55:00	3619081402812	3619961402544	1	2019-12-09 09:27:46.074869
2019-12-10 08:30:00	3618211402981	3620351402932	1	2019-12-09 12:31:21.575427
2019-12-10 17:00:00	3617741402995	3618851402822	1	2019-12-09 12:45:29.262113
2019-12-12 09:30:00	3619081402812	3619961402544	1	2019-12-09 23:07:55.483378
2019-12-13 12:20:00	3619151402876	3619261402785	1	2019-12-09 23:37:20.98716
2019-12-12 11:00:00	3619181402879	3619401402840	1	2019-12-10 00:13:00.016496
2019-12-12 09:00:00	3620511402824	3620021403042	1	2019-12-10 00:49:07.573402
2019-12-12 11:00:00	3620511402824	3620021403042	1	2019-12-10 01:10:29.040769
2019-12-12 09:00:00	3620251402667	3620351402932	1	2019-12-10 01:44:32.792059
2019-12-12 09:00:00	3623001402559	3619871402732	1	2019-12-10 01:50:10.843492
2019-12-12 09:00:00	3623001402559	3619871402732	1	2019-12-10 01:54:30.003622
2019-12-12 09:00:00	3617791403114	3620351402932	1	2019-12-10 02:07:42.754204
2019-12-10 12:00:00	3620351402932	3618791402674	1	2019-12-10 02:16:43.120578
2019-12-10 12:00:00	3620351402932	3618861402781	1	2019-12-10 02:18:21.9587
2019-12-10 12:00:00	3620351402932	3618791402674	1	2019-12-10 02:26:41.131948
2019-12-13 12:00:00	3620351402932	3619771403054	1	2019-12-10 03:08:59.560291
2019-12-12 11:00:00	3618781403028	3618281403069	1	2019-12-10 04:23:47.680016
2019-12-12 10:15:00	3618781403028	3618281403069	1	2019-12-10 04:30:42.646715
2019-12-12 11:15:00	3618281403069	3618781403028	1	2019-12-10 04:32:22.421346
2019-12-13 13:00:00	3622121402684	3619851402675	1	2019-12-10 04:53:03.664292
2019-12-13 13:05:00	3624261401920	3618841401523	1	2019-12-10 05:03:48.909354
2019-12-13 12:00:00	3618841401523	3624261401920	1	2019-12-10 05:06:26.904417
2019-12-12 10:10:00	3624611402495	3620261402592	1	2019-12-10 05:30:01.625537
2019-12-12 11:10:00	3620261402592	3624611402495	1	2019-12-10 05:30:46.283227
2019-12-10 16:00:00	3624151401942	3622631401514	1	2019-12-10 06:01:32.905631
2019-12-10 16:40:00	3620351402932	3618401403056	1	2019-12-10 06:35:55.691189
2019-12-13 12:15:00	3624031401965	3618621402751	1	2019-12-10 06:42:03.715956
2019-12-12 10:40:00	3619881402840	3620021403042	1	2019-12-10 07:10:26.187688
2019-12-13 12:30:00	3622391402236	3622401402493	1	2019-12-10 07:35:11.395595
2019-12-12 11:00:00	3618691402987	3618091402866	2	2019-12-10 22:53:31.579634
2019-12-12 10:00:00	3621921402172	3625711402825	2	2019-12-10 23:25:21.979183
2019-12-12 10:30:00	3616851403030	3619611402984	1	2019-12-10 23:27:45.429156
2019-12-12 11:30:00	3619611402984	3616851403030	1	2019-12-10 23:28:20.788952
2019-12-12 14:00:00	3626201402030	3624661401957	1	2019-12-11 00:10:24.085497
2019-12-12 14:00:00	3623671402664	3619081402798	1	2019-12-11 00:40:59.362913
2019-12-13 12:20:00	3619611402670	3620641402594	1	2019-12-11 00:43:34.892253
2019-12-12 10:20:00	3618891402704	3618881402772	1	2019-12-11 00:55:21.282495
2019-12-12 13:40:00	3618881402772	3618891402704	1	2019-12-11 00:57:56.711711
2019-12-11 13:00:00	3624661401957	3625381401595	1	2019-12-11 02:57:50.993424
2019-12-11 13:15:00	3624661401957	3625381401595	1	2019-12-11 02:59:32.690178
2019-12-11 15:35:00	3619431403056	3620631402895	1	2019-12-11 04:31:01.365443
2019-12-11 17:30:00	3619081402798	3620781402792	2	2019-12-11 05:57:44.497806
2019-12-11 15:45:00	3618981403092	3618501402893	2	2019-12-11 06:08:33.326164
2019-12-11 16:00:00	3618501402893	3618871402838	2	2019-12-11 06:11:46.018266
2019-12-13 12:45:00	3619881402840	3619011402774	1	2019-12-12 02:19:52.423439
2019-12-13 12:30:00	3621711402494	3618891402722	1	2019-12-12 03:00:32.224789
2019-12-13 15:15:00	3629761401900	3624961402867	1	2019-12-12 08:15:27.294694
\.

